company_name,metro,vertical,tier,score,to_email,phone,contact_name,subject,email_draft,call_opener,hook_evidence,status
B&C Quality General Contractors,DFW,Roofing,A,88,office@bncquality.com,(469) 226-9198,,B&C Quality General Contractors: quick ops note,"Hi B&C Quality General Contractors team,

I was looking at B&C Quality General Contractors in Carrollton. Two things stood out: on a phone, your number isn't tap-to-call; and the footer still says ©2024, which customers read as 'is this company still around?'.

Master Plan runs books and advisory for trades, and now handles website Care and AI ops (missed-call text-back, booking, review follow-up) for the same shops.

Worth a 15-minute look? I can send a one-page punch list for B&C Quality General Contractors first. No charge, no obligation.

[Master Plan rep sign-off: send from Master Plan domain, not as Jeff]
[Physical address + opt-out line required before any send (CAN-SPAM)]","""Hi, is this the owner? It's [name] with Master Plan in Dallas. We work with roofing shops on the back office and the ops side. Quick one: on a phone, your number isn't tap-to-call. Who handles your scheduling and missed calls?""",no tel: link on homepage; copyright year; no FSM widget/booking link found publicly,DRAFT - not sent
The Plumbing Pro Inc.,KC,Plumbing,A,86,,(816) 763-8200,,The Plumbing Pro Inc.: quick ops note,"Hi The Plumbing Pro Inc. team,

I was looking at The Plumbing Pro Inc. in Grandview. Two things stood out: I couldn't find a way to book or request a quote online on your site. After-hours visitors usually just leave; and on a phone, your number isn't tap-to-call.

Master Plan runs books and advisory for trades, and now handles website Care and AI ops (missed-call text-back, booking, review follow-up) for the same shops.

Worth a 15-minute look? I can send a one-page punch list for The Plumbing Pro Inc. first. No charge, no obligation.

[Master Plan rep sign-off: send from Master Plan domain, not as Jeff]
[Physical address + opt-out line required before any send (CAN-SPAM)]","""Hi, is this the owner? It's [name] with Master Plan in Kansas City. We work with plumbing shops on the back office and the ops side. Quick one: I couldn't find a way to book or request a quote online on your site. After-hours visitors usually just leave. Who handles your scheduling and missed calls?""",no booking/quote CTA on home/contact pages; no tel: link on homepage; no viewport meta; no FSM widget/booking link found publicly,DRAFT - not sent
DRIP Plumbing,DFW,Plumbing,A,86,,(940) 222-7297,,DRIP Plumbing: quick ops note,"Hi DRIP Plumbing team,

I was looking at DRIP Plumbing in Denton. Two things stood out: I couldn't find a way to book or request a quote online on your site. After-hours visitors usually just leave; and on a phone, your number isn't tap-to-call.

Master Plan runs books and advisory for trades, and now handles website Care and AI ops (missed-call text-back, booking, review follow-up) for the same shops.

Worth a 15-minute look? I can send a one-page punch list for DRIP Plumbing first. No charge, no obligation.

[Master Plan rep sign-off: send from Master Plan domain, not as Jeff]
[Physical address + opt-out line required before any send (CAN-SPAM)]","""Hi, is this the owner? It's [name] with Master Plan in Dallas. We work with plumbing shops on the back office and the ops side. Quick one: I couldn't find a way to book or request a quote online on your site. After-hours visitors usually just leave. Who handles your scheduling and missed calls?""",no booking/quote CTA on home/contact pages; no tel: link on homepage; no viewport meta; no FSM widget/booking link found publicly,DRAFT - not sent
NSW Electrical Maintenance Inc,DFW,Electrical,A,85,info@nswelectrical.com,(469) 880-0838,Jason Liu,NSW Electrical Maintenance Inc: quick ops note,"Hi Jason,

I was looking at NSW Electrical Maintenance Inc in Frisco. Two things stood out: I couldn't find a way to book or request a quote online on your site. After-hours visitors usually just leave; and I didn't see online scheduling tied to a dispatch system (ServiceTitan, FieldEdge, Housecall Pro), so I'm guessing calls, texts and the board are still stitched together by hand.

Master Plan runs books and advisory for trades, and now handles website Care and AI ops (missed-call text-back, booking, review follow-up) for the same shops.

Worth a 15-minute look? I can send a one-page punch list for NSW Electrical Maintenance Inc first. No charge, no obligation.

[Master Plan rep sign-off: send from Master Plan domain, not as Jeff]
[Physical address + opt-out line required before any send (CAN-SPAM)]","""Hi, is this Jason? It's [name] with Master Plan in Dallas. We work with electrical shops on the back office and the ops side. Quick one: I couldn't find a way to book or request a quote online on your site. After-hours visitors usually just leave. Who handles your scheduling and missed calls?""",no booking/quote CTA on home/contact pages; no FSM widget/booking link found publicly,DRAFT - not sent
DOWNSHIFT-HVAC-R,DFW,HVAC,A,85,info@downshift-hvac-r.com,(817) 727-2901,Steven Lee Johnson,DOWNSHIFT-HVAC-R: quick ops note,"Hi Steven,

I was looking at DOWNSHIFT-HVAC-R in Mansfield. Two things stood out: on a phone, your number isn't tap-to-call; and I didn't see online scheduling tied to a dispatch system (ServiceTitan, FieldEdge, Housecall Pro), so I'm guessing calls, texts and the board are still stitched together by hand.

Master Plan runs books and advisory for trades, and now handles website Care and AI ops (missed-call text-back, booking, review follow-up) for the same shops.

Worth a 15-minute look? I can send a one-page punch list for DOWNSHIFT-HVAC-R first. No charge, no obligation.

[Master Plan rep sign-off: send from Master Plan domain, not as Jeff]
[Physical address + opt-out line required before any send (CAN-SPAM)]","""Hi, is this Steven? It's [name] with Master Plan in Dallas. We work with hvac shops on the back office and the ops side. Quick one: on a phone, your number isn't tap-to-call. Who handles your scheduling and missed calls?""",no tel: link on homepage; no FSM widget/booking link found publicly,DRAFT - not sent
Jenkins Roofing and Construction,DFW,Roofing,A,85,arial@jenkinsroofing.com,(817) 886-6710,Todd Jenkins,Jenkins Roofing and Construction: quick ops note,"Hi Todd,

I was looking at Jenkins Roofing and Construction in Arlington. Two things stood out: on a phone, your number isn't tap-to-call; and I didn't see online scheduling tied to a dispatch system (ServiceTitan, FieldEdge, Housecall Pro), so I'm guessing calls, texts and the board are still stitched together by hand.

Master Plan runs books and advisory for trades, and now handles website Care and AI ops (missed-call text-back, booking, review follow-up) for the same shops.

Worth a 15-minute look? I can send a one-page punch list for Jenkins Roofing and Construction first. No charge, no obligation.

[Master Plan rep sign-off: send from Master Plan domain, not as Jeff]
[Physical address + opt-out line required before any send (CAN-SPAM)]","""Hi, is this Todd? It's [name] with Master Plan in Dallas. We work with roofing shops on the back office and the ops side. Quick one: on a phone, your number isn't tap-to-call. Who handles your scheduling and missed calls?""",no tel: link on homepage; no FSM widget/booking link found publicly,DRAFT - not sent
Nisat Electric,DFW,Electrical,A,83,,(214) 536-5555,,Nisat Electric: quick ops note,"Hi Nisat Electric team,

I was looking at Nisat Electric in Frisco. Two things stood out: I couldn't find a way to book or request a quote online on your site. After-hours visitors usually just leave; and on a phone, your number isn't tap-to-call.

Master Plan runs books and advisory for trades, and now handles website Care and AI ops (missed-call text-back, booking, review follow-up) for the same shops.

Worth a 15-minute look? I can send a one-page punch list for Nisat Electric first. No charge, no obligation.

[Master Plan rep sign-off: send from Master Plan domain, not as Jeff]
[Physical address + opt-out line required before any send (CAN-SPAM)]","""Hi, is this the owner? It's [name] with Master Plan in Dallas. We work with electrical shops on the back office and the ops side. Quick one: I couldn't find a way to book or request a quote online on your site. After-hours visitors usually just leave. Who handles your scheduling and missed calls?""",no booking/quote CTA on home/contact pages; no tel: link on homepage; copyright year; no FSM widget/booking link found publicly,DRAFT - not sent
Hearthstone Heat and Air,DFW,HVAC,A,82,matt@hearthstoneheatandair.com,(972) 200-0693,Matthew Robert Bruner,Hearthstone Heat and Air: quick ops note,"Hi Matthew,

I was looking at Hearthstone Heat and Air in Plano. Two things stood out: I couldn't find a way to book or request a quote online on your site. After-hours visitors usually just leave; and I didn't see online scheduling tied to a dispatch system (ServiceTitan, FieldEdge, Housecall Pro), so I'm guessing calls, texts and the board are still stitched together by hand.

Master Plan runs books and advisory for trades, and now handles website Care and AI ops (missed-call text-back, booking, review follow-up) for the same shops.

Worth a 15-minute look? I can send a one-page punch list for Hearthstone Heat and Air first. No charge, no obligation.

[Master Plan rep sign-off: send from Master Plan domain, not as Jeff]
[Physical address + opt-out line required before any send (CAN-SPAM)]","""Hi, is this Matthew? It's [name] with Master Plan in Dallas. We work with hvac shops on the back office and the ops side. Quick one: I couldn't find a way to book or request a quote online on your site. After-hours visitors usually just leave. Who handles your scheduling and missed calls?""",no booking/quote CTA on home/contact pages; no FSM widget/booking link found publicly,DRAFT - not sent
SuperiAir LLC,DFW,HVAC,A,82,superiairdfw@gmail.com,(214) 771-9436,Walter Douglas Pinckney Sr,SuperiAir LLC: quick ops note,"Hi Walter,

I was looking at SuperiAir LLC in McKinney. Two things stood out: the footer still says ©2021, which customers read as 'is this company still around?'; and I didn't see online scheduling tied to a dispatch system (ServiceTitan, FieldEdge, Housecall Pro), so I'm guessing calls, texts and the board are still stitched together by hand.

Master Plan runs books and advisory for trades, and now handles website Care and AI ops (missed-call text-back, booking, review follow-up) for the same shops.

Worth a 15-minute look? I can send a one-page punch list for SuperiAir LLC first. No charge, no obligation.

[Master Plan rep sign-off: send from Master Plan domain, not as Jeff]
[Physical address + opt-out line required before any send (CAN-SPAM)]","""Hi, is this Walter? It's [name] with Master Plan in Dallas. We work with hvac shops on the back office and the ops side. Quick one: the footer still says ©2021, which customers read as 'is this company still around?'. Who handles your scheduling and missed calls?""",copyright year; no FSM widget/booking link found publicly,DRAFT - not sent
NTX Air Pro,DFW,HVAC,A,82,ntxairpro@gmail.com,(469) 363-1478,Khoi Kim Nguyen,NTX Air Pro: quick ops note,"Hi Khoi,

I was looking at NTX Air Pro in Garland. Two things stood out: I didn't see online scheduling tied to a dispatch system (ServiceTitan, FieldEdge, Housecall Pro), so I'm guessing calls, texts and the board are still stitched together by hand.

Master Plan runs books and advisory for trades, and now handles website Care and AI ops (missed-call text-back, booking, review follow-up) for the same shops.

Worth a 15-minute look? I can send a one-page punch list for NTX Air Pro first. No charge, no obligation.

[Master Plan rep sign-off: send from Master Plan domain, not as Jeff]
[Physical address + opt-out line required before any send (CAN-SPAM)]","""Hi, is this Khoi? It's [name] with Master Plan in Dallas. We work with hvac shops on the back office and the ops side. Quick one: I didn't see online scheduling tied to a dispatch system (ServiceTitan, FieldEdge, Housecall Pro), so I'm guessing calls, texts and the board are still stitched together by hand. Who handles your scheduling and missed calls?""",no FSM widget/booking link found publicly,DRAFT - not sent
Reddy Electric,KC,Electrical,A,81,info@reddyelectrickc.com,(913) 764-0840,Ed Davey,Reddy Electric: quick ops note,"Hi Ed,

I was looking at Reddy Electric in Olathe. Two things stood out: I couldn't find a way to book or request a quote online on your site. After-hours visitors usually just leave; and on a phone, your number isn't tap-to-call.

Master Plan runs books and advisory for trades, and now handles website Care and AI ops (missed-call text-back, booking, review follow-up) for the same shops.

Worth a 15-minute look? I can send a one-page punch list for Reddy Electric first. No charge, no obligation.

[Master Plan rep sign-off: send from Master Plan domain, not as Jeff]
[Physical address + opt-out line required before any send (CAN-SPAM)]","""Hi, is this Ed? It's [name] with Master Plan in Kansas City. We work with electrical shops on the back office and the ops side. Quick one: I couldn't find a way to book or request a quote online on your site. After-hours visitors usually just leave. Who handles your scheduling and missed calls?""",no booking/quote CTA on home/contact pages; no tel: link on homepage; copyright year; no viewport meta; no FSM widget/booking link found publicly,DRAFT - not sent
Fox Electric Ltd,DFW,Electrical,A,81,info@foxelectric.com,(817) 461-2571,,Fox Electric Ltd: quick ops note,"Hi Fox Electric Ltd team,

I was looking at Fox Electric Ltd in Arlington. Two things stood out: I couldn't find a way to book or request a quote online on your site. After-hours visitors usually just leave; and the footer still says ©2023, which customers read as 'is this company still around?'.

Master Plan runs books and advisory for trades, and now handles website Care and AI ops (missed-call text-back, booking, review follow-up) for the same shops.

Worth a 15-minute look? I can send a one-page punch list for Fox Electric Ltd first. No charge, no obligation.

[Master Plan rep sign-off: send from Master Plan domain, not as Jeff]
[Physical address + opt-out line required before any send (CAN-SPAM)]","""Hi, is this the owner? It's [name] with Master Plan in Dallas. We work with electrical shops on the back office and the ops side. Quick one: I couldn't find a way to book or request a quote online on your site. After-hours visitors usually just leave. Who handles your scheduling and missed calls?""",no booking/quote CTA on home/contact pages; copyright year; no FSM widget/booking link found publicly,DRAFT - not sent
"BALBOA Restoration & Renovation, LLC",KC,GC,A,80,service@balboakc.com,(913) 215-3738,,"BALBOA Restoration & Renovation, LLC: quick ops note","Hi BALBOA Restoration & Renovation, LLC team,

I was looking at BALBOA Restoration & Renovation, LLC in Olathe. Two things stood out: the footer still says ©2020, which customers read as 'is this company still around?'; and I didn't see online scheduling tied to a dispatch system (ServiceTitan, FieldEdge, Housecall Pro), so I'm guessing calls, texts and the board are still stitched together by hand.

Master Plan runs books and advisory for trades, and now handles website Care and AI ops (missed-call text-back, booking, review follow-up) for the same shops.

Worth a 15-minute look? I can send a one-page punch list for BALBOA Restoration & Renovation, LLC first. No charge, no obligation.

[Master Plan rep sign-off: send from Master Plan domain, not as Jeff]
[Physical address + opt-out line required before any send (CAN-SPAM)]","""Hi, is this the owner? It's [name] with Master Plan in Kansas City. We work with gc shops on the back office and the ops side. Quick one: the footer still says ©2020, which customers read as 'is this company still around?'. Who handles your scheduling and missed calls?""",copyright year; no FSM widget/booking link found publicly,DRAFT - not sent
KC HVAC Savers,KC,HVAC,A,80,support@kchvacsavers.com,(913) 388-0575,,KC HVAC Savers: quick ops note,"Hi KC HVAC Savers team,

I was looking at KC HVAC Savers in Lenexa. Two things stood out: I didn't see online scheduling tied to a dispatch system (ServiceTitan, FieldEdge, Housecall Pro), so I'm guessing calls, texts and the board are still stitched together by hand.

Master Plan runs books and advisory for trades, and now handles website Care and AI ops (missed-call text-back, booking, review follow-up) for the same shops.

Worth a 15-minute look? I can send a one-page punch list for KC HVAC Savers first. No charge, no obligation.

[Master Plan rep sign-off: send from Master Plan domain, not as Jeff]
[Physical address + opt-out line required before any send (CAN-SPAM)]","""Hi, is this the owner? It's [name] with Master Plan in Kansas City. We work with hvac shops on the back office and the ops side. Quick one: I didn't see online scheduling tied to a dispatch system (ServiceTitan, FieldEdge, Housecall Pro), so I'm guessing calls, texts and the board are still stitched together by hand. Who handles your scheduling and missed calls?""",no FSM widget/booking link found publicly,DRAFT - not sent
Martanne Construction,KC,GC,A,80,info@martanneconstruction.com,(913) 484-1299,,Martanne Construction: quick ops note,"Hi Martanne Construction team,

I was looking at Martanne Construction in Overland Park. Two things stood out: I couldn't find a way to book or request a quote online on your site. After-hours visitors usually just leave; and on a phone, your number isn't tap-to-call.

Master Plan runs books and advisory for trades, and now handles website Care and AI ops (missed-call text-back, booking, review follow-up) for the same shops.

Worth a 15-minute look? I can send a one-page punch list for Martanne Construction first. No charge, no obligation.

[Master Plan rep sign-off: send from Master Plan domain, not as Jeff]
[Physical address + opt-out line required before any send (CAN-SPAM)]","""Hi, is this the owner? It's [name] with Master Plan in Kansas City. We work with gc shops on the back office and the ops side. Quick one: I couldn't find a way to book or request a quote online on your site. After-hours visitors usually just leave. Who handles your scheduling and missed calls?""",no booking/quote CTA on home/contact pages; no tel: link on homepage; no FSM widget/booking link found publicly,DRAFT - not sent
Legacy Service Company Inc,KC,HVAC,A,80,dispatch@legacyserviceco.com,(913) 800-9888,,Legacy Service Company Inc: quick ops note,"Hi Legacy Service Company Inc team,

I was looking at Legacy Service Company Inc in Olathe. Two things stood out: on a phone, your number isn't tap-to-call; and I didn't see online scheduling tied to a dispatch system (ServiceTitan, FieldEdge, Housecall Pro), so I'm guessing calls, texts and the board are still stitched together by hand.

Master Plan runs books and advisory for trades, and now handles website Care and AI ops (missed-call text-back, booking, review follow-up) for the same shops.

Worth a 15-minute look? I can send a one-page punch list for Legacy Service Company Inc first. No charge, no obligation.

[Master Plan rep sign-off: send from Master Plan domain, not as Jeff]
[Physical address + opt-out line required before any send (CAN-SPAM)]","""Hi, is this the owner? It's [name] with Master Plan in Kansas City. We work with hvac shops on the back office and the ops side. Quick one: on a phone, your number isn't tap-to-call. Who handles your scheduling and missed calls?""",no tel: link on homepage; no FSM widget/booking link found publicly,DRAFT - not sent
CH n CH Construction,DFW,GC,A,80,info@chnchconstruction.com,(817) 689-9431,,CH n CH Construction: quick ops note,"Hi CH n CH Construction team,

I was looking at CH n CH Construction in Arlington. Two things stood out: I couldn't find a way to book or request a quote online on your site. After-hours visitors usually just leave; and the footer still says ©2019, which customers read as 'is this company still around?'.

Master Plan runs books and advisory for trades, and now handles website Care and AI ops (missed-call text-back, booking, review follow-up) for the same shops.

Worth a 15-minute look? I can send a one-page punch list for CH n CH Construction first. No charge, no obligation.

[Master Plan rep sign-off: send from Master Plan domain, not as Jeff]
[Physical address + opt-out line required before any send (CAN-SPAM)]","""Hi, is this the owner? It's [name] with Master Plan in Dallas. We work with gc shops on the back office and the ops side. Quick one: I couldn't find a way to book or request a quote online on your site. After-hours visitors usually just leave. Who handles your scheduling and missed calls?""",no booking/quote CTA on home/contact pages; copyright year; no FSM widget/booking link found publicly,DRAFT - not sent
Terrace Outdoor Design,DFW,GC,A,80,,(972) 521-3998,Collin Jarrell,Terrace Outdoor Design: quick ops note,"Hi Collin,

I was looking at Terrace Outdoor Design in Frisco. Two things stood out: I couldn't find a way to book or request a quote online on your site. After-hours visitors usually just leave; and on a phone, your number isn't tap-to-call.

Master Plan runs books and advisory for trades, and now handles website Care and AI ops (missed-call text-back, booking, review follow-up) for the same shops.

Worth a 15-minute look? I can send a one-page punch list for Terrace Outdoor Design first. No charge, no obligation.

[Master Plan rep sign-off: send from Master Plan domain, not as Jeff]
[Physical address + opt-out line required before any send (CAN-SPAM)]","""Hi, is this Collin? It's [name] with Master Plan in Dallas. We work with gc shops on the back office and the ops side. Quick one: I couldn't find a way to book or request a quote online on your site. After-hours visitors usually just leave. Who handles your scheduling and missed calls?""",no booking/quote CTA on home/contact pages; no tel: link on homepage; no FSM widget/booking link found publicly,DRAFT - not sent
Good Fellas Plumbing & Leak Detection,DFW,Plumbing,A,80,,(972) 310-4938,Chris Jaramillo,Good Fellas Plumbing & Leak Detection: quick ops note,"Hi Chris,

I was looking at Good Fellas Plumbing & Leak Detection in Mansfield. Two things stood out: I couldn't find a way to book or request a quote online on your site. After-hours visitors usually just leave; and on a phone, your number isn't tap-to-call.

Master Plan runs books and advisory for trades, and now handles website Care and AI ops (missed-call text-back, booking, review follow-up) for the same shops.

Worth a 15-minute look? I can send a one-page punch list for Good Fellas Plumbing & Leak Detection first. No charge, no obligation.

[Master Plan rep sign-off: send from Master Plan domain, not as Jeff]
[Physical address + opt-out line required before any send (CAN-SPAM)]","""Hi, is this Chris? It's [name] with Master Plan in Dallas. We work with plumbing shops on the back office and the ops side. Quick one: I couldn't find a way to book or request a quote online on your site. After-hours visitors usually just leave. Who handles your scheduling and missed calls?""",no booking/quote CTA on home/contact pages; no tel: link on homepage; no FSM widget/booking link found publicly,DRAFT - not sent
The Handy Man,DFW,GC,A,80,bradley@thehandyman.buzz,(469) 918-0672,,The Handy Man: quick ops note,"Hi The Handy Man team,

I was looking at The Handy Man in Corinth. Two things stood out: on a phone, your number isn't tap-to-call; and I didn't see online scheduling tied to a dispatch system (ServiceTitan, FieldEdge, Housecall Pro), so I'm guessing calls, texts and the board are still stitched together by hand.

Master Plan runs books and advisory for trades, and now handles website Care and AI ops (missed-call text-back, booking, review follow-up) for the same shops.

Worth a 15-minute look? I can send a one-page punch list for The Handy Man first. No charge, no obligation.

[Master Plan rep sign-off: send from Master Plan domain, not as Jeff]
[Physical address + opt-out line required before any send (CAN-SPAM)]","""Hi, is this the owner? It's [name] with Master Plan in Dallas. We work with gc shops on the back office and the ops side. Quick one: on a phone, your number isn't tap-to-call. Who handles your scheduling and missed calls?""",no tel: link on homepage; no FSM widget/booking link found publicly,DRAFT - not sent
Fort Tex Metals & Roofing,DFW,Roofing,A,80,alfonso@ftmandroofing.com,(682) 313-4066,,Fort Tex Metals & Roofing: quick ops note,"Hi Fort Tex Metals & Roofing team,

I was looking at Fort Tex Metals & Roofing in Fort Worth. Two things stood out: I couldn't find a way to book or request a quote online on your site. After-hours visitors usually just leave; and on a phone, your number isn't tap-to-call.

Master Plan runs books and advisory for trades, and now handles website Care and AI ops (missed-call text-back, booking, review follow-up) for the same shops.

Worth a 15-minute look? I can send a one-page punch list for Fort Tex Metals & Roofing first. No charge, no obligation.

[Master Plan rep sign-off: send from Master Plan domain, not as Jeff]
[Physical address + opt-out line required before any send (CAN-SPAM)]","""Hi, is this the owner? It's [name] with Master Plan in Dallas. We work with roofing shops on the back office and the ops side. Quick one: I couldn't find a way to book or request a quote online on your site. After-hours visitors usually just leave. Who handles your scheduling and missed calls?""",no booking/quote CTA on home/contact pages; no tel: link on homepage; no FSM widget/booking link found publicly,DRAFT - not sent
Texas Style Roofing and Remodeling,DFW,Roofing,A,80,webmaster@texasstyleroofing.com,(682) 306-9519,,Texas Style Roofing and Remodeling: quick ops note,"Hi Texas Style Roofing and Remodeling team,

I was looking at Texas Style Roofing and Remodeling in Arlington. Two things stood out: I couldn't find a way to book or request a quote online on your site. After-hours visitors usually just leave; and on a phone, your number isn't tap-to-call.

Master Plan runs books and advisory for trades, and now handles website Care and AI ops (missed-call text-back, booking, review follow-up) for the same shops.

Worth a 15-minute look? I can send a one-page punch list for Texas Style Roofing and Remodeling first. No charge, no obligation.

[Master Plan rep sign-off: send from Master Plan domain, not as Jeff]
[Physical address + opt-out line required before any send (CAN-SPAM)]","""Hi, is this the owner? It's [name] with Master Plan in Dallas. We work with roofing shops on the back office and the ops side. Quick one: I couldn't find a way to book or request a quote online on your site. After-hours visitors usually just leave. Who handles your scheduling and missed calls?""",no booking/quote CTA on home/contact pages; no tel: link on homepage; no FSM widget/booking link found publicly,DRAFT - not sent
Fort Worth Air Conditioning Co. Inc.,DFW,HVAC,A,80,,(817) 367-6000,Olan A Pewitt,Fort Worth Air Conditioning Co. Inc.: quick ops note,"Hi Olan,

I was looking at Fort Worth Air Conditioning Co. Inc. in Fort Worth. Two things stood out: I didn't see online scheduling tied to a dispatch system (ServiceTitan, FieldEdge, Housecall Pro), so I'm guessing calls, texts and the board are still stitched together by hand.

Master Plan runs books and advisory for trades, and now handles website Care and AI ops (missed-call text-back, booking, review follow-up) for the same shops.

Worth a 15-minute look? I can send a one-page punch list for Fort Worth Air Conditioning Co. Inc. first. No charge, no obligation.

[Master Plan rep sign-off: send from Master Plan domain, not as Jeff]
[Physical address + opt-out line required before any send (CAN-SPAM)]","""Hi, is this Olan? It's [name] with Master Plan in Dallas. We work with hvac shops on the back office and the ops side. Quick one: I didn't see online scheduling tied to a dispatch system (ServiceTitan, FieldEdge, Housecall Pro), so I'm guessing calls, texts and the board are still stitched together by hand. Who handles your scheduling and missed calls?""",no FSM widget/booking link found publicly,DRAFT - not sent
Fort Worth Heat and Air,DFW,HVAC,A,80,,(817) 800-0340,Greg T George,Fort Worth Heat and Air: quick ops note,"Hi Greg,

I was looking at Fort Worth Heat and Air in Fort Worth. Two things stood out: I didn't see online scheduling tied to a dispatch system (ServiceTitan, FieldEdge, Housecall Pro), so I'm guessing calls, texts and the board are still stitched together by hand.

Master Plan runs books and advisory for trades, and now handles website Care and AI ops (missed-call text-back, booking, review follow-up) for the same shops.

Worth a 15-minute look? I can send a one-page punch list for Fort Worth Heat and Air first. No charge, no obligation.

[Master Plan rep sign-off: send from Master Plan domain, not as Jeff]
[Physical address + opt-out line required before any send (CAN-SPAM)]","""Hi, is this Greg? It's [name] with Master Plan in Dallas. We work with hvac shops on the back office and the ops side. Quick one: I didn't see online scheduling tied to a dispatch system (ServiceTitan, FieldEdge, Housecall Pro), so I'm guessing calls, texts and the board are still stitched together by hand. Who handles your scheduling and missed calls?""",no FSM widget/booking link found publicly,DRAFT - not sent
On The Spot HVAC,DFW,HVAC,A,80,,(214) 831-8138,Bao Quoc Pham,On The Spot HVAC: quick ops note,"Hi Bao,

I was looking at On The Spot HVAC in Allen. Two things stood out: I didn't see online scheduling tied to a dispatch system (ServiceTitan, FieldEdge, Housecall Pro), so I'm guessing calls, texts and the board are still stitched together by hand.

Master Plan runs books and advisory for trades, and now handles website Care and AI ops (missed-call text-back, booking, review follow-up) for the same shops.

Worth a 15-minute look? I can send a one-page punch list for On The Spot HVAC first. No charge, no obligation.

[Master Plan rep sign-off: send from Master Plan domain, not as Jeff]
[Physical address + opt-out line required before any send (CAN-SPAM)]","""Hi, is this Bao? It's [name] with Master Plan in Dallas. We work with hvac shops on the back office and the ops side. Quick one: I didn't see online scheduling tied to a dispatch system (ServiceTitan, FieldEdge, Housecall Pro), so I'm guessing calls, texts and the board are still stitched together by hand. Who handles your scheduling and missed calls?""",no FSM widget/booking link found publicly,DRAFT - not sent
Arlington AC & Heating,DFW,HVAC,A,80,,(817) 557-5000,Ted W Jessup,Arlington AC & Heating: quick ops note,"Hi Ted,

I was looking at Arlington AC & Heating in Arlington. Two things stood out: I didn't see online scheduling tied to a dispatch system (ServiceTitan, FieldEdge, Housecall Pro), so I'm guessing calls, texts and the board are still stitched together by hand.

Master Plan runs books and advisory for trades, and now handles website Care and AI ops (missed-call text-back, booking, review follow-up) for the same shops.

Worth a 15-minute look? I can send a one-page punch list for Arlington AC & Heating first. No charge, no obligation.

[Master Plan rep sign-off: send from Master Plan domain, not as Jeff]
[Physical address + opt-out line required before any send (CAN-SPAM)]","""Hi, is this Ted? It's [name] with Master Plan in Dallas. We work with hvac shops on the back office and the ops side. Quick one: I didn't see online scheduling tied to a dispatch system (ServiceTitan, FieldEdge, Housecall Pro), so I'm guessing calls, texts and the board are still stitched together by hand. Who handles your scheduling and missed calls?""",no FSM widget/booking link found publicly,DRAFT - not sent
Air Zone Experts,DFW,HVAC,A,80,,(214) 430-9059,Adrian T Racovei,Air Zone Experts: quick ops note,"Hi Adrian,

I was looking at Air Zone Experts in Little Elm. Two things stood out: I didn't see online scheduling tied to a dispatch system (ServiceTitan, FieldEdge, Housecall Pro), so I'm guessing calls, texts and the board are still stitched together by hand.

Master Plan runs books and advisory for trades, and now handles website Care and AI ops (missed-call text-back, booking, review follow-up) for the same shops.

Worth a 15-minute look? I can send a one-page punch list for Air Zone Experts first. No charge, no obligation.

[Master Plan rep sign-off: send from Master Plan domain, not as Jeff]
[Physical address + opt-out line required before any send (CAN-SPAM)]","""Hi, is this Adrian? It's [name] with Master Plan in Dallas. We work with hvac shops on the back office and the ops side. Quick one: I didn't see online scheduling tied to a dispatch system (ServiceTitan, FieldEdge, Housecall Pro), so I'm guessing calls, texts and the board are still stitched together by hand. Who handles your scheduling and missed calls?""",no FSM widget/booking link found publicly,DRAFT - not sent
Ideal Air Of North Texas,DFW,HVAC,A,80,michaelpaulzda1@gmail.com,(469) 301-4608,,Ideal Air Of North Texas: quick ops note,"Hi Ideal Air Of North Texas team,

I was looking at Ideal Air Of North Texas in McKinney. Two things stood out: the footer still says ©2023, which customers read as 'is this company still around?'; and I didn't see online scheduling tied to a dispatch system (ServiceTitan, FieldEdge, Housecall Pro), so I'm guessing calls, texts and the board are still stitched together by hand.

Master Plan runs books and advisory for trades, and now handles website Care and AI ops (missed-call text-back, booking, review follow-up) for the same shops.

Worth a 15-minute look? I can send a one-page punch list for Ideal Air Of North Texas first. No charge, no obligation.

[Master Plan rep sign-off: send from Master Plan domain, not as Jeff]
[Physical address + opt-out line required before any send (CAN-SPAM)]","""Hi, is this the owner? It's [name] with Master Plan in Dallas. We work with hvac shops on the back office and the ops side. Quick one: the footer still says ©2023, which customers read as 'is this company still around?'. Who handles your scheduling and missed calls?""",copyright year; no FSM widget/booking link found publicly,DRAFT - not sent
Arctic Air Heating And Cooling,DFW,HVAC,A,80,,(214) 326-0079,Donavan Ray Bagshaw,Arctic Air Heating And Cooling: quick ops note,"Hi Donavan,

I was looking at Arctic Air Heating And Cooling in McKinney. Two things stood out: I didn't see online scheduling tied to a dispatch system (ServiceTitan, FieldEdge, Housecall Pro), so I'm guessing calls, texts and the board are still stitched together by hand.

Master Plan runs books and advisory for trades, and now handles website Care and AI ops (missed-call text-back, booking, review follow-up) for the same shops.

Worth a 15-minute look? I can send a one-page punch list for Arctic Air Heating And Cooling first. No charge, no obligation.

[Master Plan rep sign-off: send from Master Plan domain, not as Jeff]
[Physical address + opt-out line required before any send (CAN-SPAM)]","""Hi, is this Donavan? It's [name] with Master Plan in Dallas. We work with hvac shops on the back office and the ops side. Quick one: I didn't see online scheduling tied to a dispatch system (ServiceTitan, FieldEdge, Housecall Pro), so I'm guessing calls, texts and the board are still stitched together by hand. Who handles your scheduling and missed calls?""",no FSM widget/booking link found publicly,DRAFT - not sent
Work Environmental Systems,DFW,HVAC,A,80,,(940) 387-1911,David Melbourne Piatt,Work Environmental Systems: quick ops note,"Hi David,

I was looking at Work Environmental Systems in Denton. Two things stood out: I didn't see online scheduling tied to a dispatch system (ServiceTitan, FieldEdge, Housecall Pro), so I'm guessing calls, texts and the board are still stitched together by hand.

Master Plan runs books and advisory for trades, and now handles website Care and AI ops (missed-call text-back, booking, review follow-up) for the same shops.

Worth a 15-minute look? I can send a one-page punch list for Work Environmental Systems first. No charge, no obligation.

[Master Plan rep sign-off: send from Master Plan domain, not as Jeff]
[Physical address + opt-out line required before any send (CAN-SPAM)]","""Hi, is this David? It's [name] with Master Plan in Dallas. We work with hvac shops on the back office and the ops side. Quick one: I didn't see online scheduling tied to a dispatch system (ServiceTitan, FieldEdge, Housecall Pro), so I'm guessing calls, texts and the board are still stitched together by hand. Who handles your scheduling and missed calls?""",no FSM widget/booking link found publicly,DRAFT - not sent
1 Core Construction LLC,KC,Roofing,B,79,jflores@1coreconstruction.com,(913) 314-1931,Alfredo Torres,1 Core Construction LLC: quick ops note,"Hi Alfredo,

I was looking at 1 Core Construction LLC in Kansas City. Two things stood out: on a phone, your number isn't tap-to-call; and I didn't see online scheduling tied to a dispatch system (ServiceTitan, FieldEdge, Housecall Pro), so I'm guessing calls, texts and the board are still stitched together by hand.

Master Plan runs books and advisory for trades, and now handles website Care and AI ops (missed-call text-back, booking, review follow-up) for the same shops.

Worth a 15-minute look? I can send a one-page punch list for 1 Core Construction LLC first. No charge, no obligation.

[Master Plan rep sign-off: send from Master Plan domain, not as Jeff]
[Physical address + opt-out line required before any send (CAN-SPAM)]","""Hi, is this Alfredo? It's [name] with Master Plan in Kansas City. We work with roofing shops on the back office and the ops side. Quick one: on a phone, your number isn't tap-to-call. Who handles your scheduling and missed calls?""",no tel: link on homepage; no FSM widget/booking link found publicly,DRAFT - not sent
Hancock Brothers Plumbers,KC,Plumbing,B,79,,(816) 670-4702,,Hancock Brothers Plumbers: quick ops note,"Hi Hancock Brothers Plumbers team,

I was looking at Hancock Brothers Plumbers in Kansas City. Two things stood out: your Google profile doesn't link to a website, so every search click has nowhere to land except a phone call; and I didn't see online scheduling tied to a dispatch system (ServiceTitan, FieldEdge, Housecall Pro), so I'm guessing calls, texts and the board are still stitched together by hand.

Master Plan runs books and advisory for trades, and now handles website Care and AI ops (missed-call text-back, booking, review follow-up) for the same shops.

Worth a 15-minute look? I can send a one-page punch list for Hancock Brothers Plumbers first. No charge, no obligation.

[Master Plan rep sign-off: send from Master Plan domain, not as Jeff]
[Physical address + opt-out line required before any send (CAN-SPAM)]","""Hi, is this the owner? It's [name] with Master Plan in Kansas City. We work with plumbing shops on the back office and the ops side. Quick one: your Google profile doesn't link to a website, so every search click has nowhere to land except a phone call. Who handles your scheduling and missed calls?""",GBP has no website field; no FSM widget/booking link found publicly,DRAFT - not sent
Heartland Quality Heating & Cooling,KC,HVAC,B,79,,(816) 525-2031,,Heartland Quality Heating & Cooling: quick ops note,"Hi Heartland Quality Heating & Cooling team,

I was looking at Heartland Quality Heating & Cooling in Lee's Summit. Two things stood out: your Google profile doesn't link to a website, so every search click has nowhere to land except a phone call; and I didn't see online scheduling tied to a dispatch system (ServiceTitan, FieldEdge, Housecall Pro), so I'm guessing calls, texts and the board are still stitched together by hand.

Master Plan runs books and advisory for trades, and now handles website Care and AI ops (missed-call text-back, booking, review follow-up) for the same shops.

Worth a 15-minute look? I can send a one-page punch list for Heartland Quality Heating & Cooling first. No charge, no obligation.

[Master Plan rep sign-off: send from Master Plan domain, not as Jeff]
[Physical address + opt-out line required before any send (CAN-SPAM)]","""Hi, is this the owner? It's [name] with Master Plan in Kansas City. We work with hvac shops on the back office and the ops side. Quick one: your Google profile doesn't link to a website, so every search click has nowhere to land except a phone call. Who handles your scheduling and missed calls?""",GBP has no website field; no FSM widget/booking link found publicly,DRAFT - not sent
Rapid Commercial Plumbing,KC,Plumbing,B,79,,(816) 693-6473,,Rapid Commercial Plumbing: quick ops note,"Hi Rapid Commercial Plumbing team,

I was looking at Rapid Commercial Plumbing in Liberty. Two things stood out: your Google profile doesn't link to a website, so every search click has nowhere to land except a phone call; and I didn't see online scheduling tied to a dispatch system (ServiceTitan, FieldEdge, Housecall Pro), so I'm guessing calls, texts and the board are still stitched together by hand.

Master Plan runs books and advisory for trades, and now handles website Care and AI ops (missed-call text-back, booking, review follow-up) for the same shops.

Worth a 15-minute look? I can send a one-page punch list for Rapid Commercial Plumbing first. No charge, no obligation.

[Master Plan rep sign-off: send from Master Plan domain, not as Jeff]
[Physical address + opt-out line required before any send (CAN-SPAM)]","""Hi, is this the owner? It's [name] with Master Plan in Kansas City. We work with plumbing shops on the back office and the ops side. Quick one: your Google profile doesn't link to a website, so every search click has nowhere to land except a phone call. Who handles your scheduling and missed calls?""",GBP has no website field; no FSM widget/booking link found publicly,DRAFT - not sent
Dillon's Heating & Cooling,KC,HVAC,B,79,,(913) 268-6700,,Dillon's Heating & Cooling: quick ops note,"Hi Dillon's Heating & Cooling team,

I was looking at Dillon's Heating & Cooling in Lenexa. Two things stood out: your Google profile doesn't link to a website, so every search click has nowhere to land except a phone call; and I didn't see online scheduling tied to a dispatch system (ServiceTitan, FieldEdge, Housecall Pro), so I'm guessing calls, texts and the board are still stitched together by hand.

Master Plan runs books and advisory for trades, and now handles website Care and AI ops (missed-call text-back, booking, review follow-up) for the same shops.

Worth a 15-minute look? I can send a one-page punch list for Dillon's Heating & Cooling first. No charge, no obligation.

[Master Plan rep sign-off: send from Master Plan domain, not as Jeff]
[Physical address + opt-out line required before any send (CAN-SPAM)]","""Hi, is this the owner? It's [name] with Master Plan in Kansas City. We work with hvac shops on the back office and the ops side. Quick one: your Google profile doesn't link to a website, so every search click has nowhere to land except a phone call. Who handles your scheduling and missed calls?""",GBP has no website field; no FSM widget/booking link found publicly,DRAFT - not sent
Blue Diamond Plumbing of Texas(Plumber near you),DFW,Plumbing,B,79,,(817) 852-9498,,Blue Diamond Plumbing of Texas(Plumber near you): quick ops note,"Hi Blue Diamond Plumbing of Texas(Plumber near you) team,

I was looking at Blue Diamond Plumbing of Texas(Plumber near you) in Fort Worth. Two things stood out: your Google profile doesn't link to a website, so every search click has nowhere to land except a phone call; and I didn't see online scheduling tied to a dispatch system (ServiceTitan, FieldEdge, Housecall Pro), so I'm guessing calls, texts and the board are still stitched together by hand.

Master Plan runs books and advisory for trades, and now handles website Care and AI ops (missed-call text-back, booking, review follow-up) for the same shops.

Worth a 15-minute look? I can send a one-page punch list for Blue Diamond Plumbing of Texas(Plumber near you) first. No charge, no obligation.

[Master Plan rep sign-off: send from Master Plan domain, not as Jeff]
[Physical address + opt-out line required before any send (CAN-SPAM)]","""Hi, is this the owner? It's [name] with Master Plan in Dallas. We work with plumbing shops on the back office and the ops side. Quick one: your Google profile doesn't link to a website, so every search click has nowhere to land except a phone call. Who handles your scheduling and missed calls?""",GBP has no website field; no FSM widget/booking link found publicly,DRAFT - not sent
Kelly Young Electric Inc.,DFW,Electrical,B,79,,(972) 943-0908,,Kelly Young Electric Inc.: quick ops note,"Hi Kelly Young Electric Inc. team,

I was looking at Kelly Young Electric Inc. in Plano. Two things stood out: I couldn't find a way to book or request a quote online on your site. After-hours visitors usually just leave; and on a phone, your number isn't tap-to-call.

Master Plan runs books and advisory for trades, and now handles website Care and AI ops (missed-call text-back, booking, review follow-up) for the same shops.

Worth a 15-minute look? I can send a one-page punch list for Kelly Young Electric Inc. first. No charge, no obligation.

[Master Plan rep sign-off: send from Master Plan domain, not as Jeff]
[Physical address + opt-out line required before any send (CAN-SPAM)]","""Hi, is this the owner? It's [name] with Master Plan in Dallas. We work with electrical shops on the back office and the ops side. Quick one: I couldn't find a way to book or request a quote online on your site. After-hours visitors usually just leave. Who handles your scheduling and missed calls?""",no booking/quote CTA on home/contact pages; no tel: link on homepage; no FSM widget/booking link found publicly,DRAFT - not sent
Fort Construction,DFW,GC,B,79,info@fortconstruction.com,(817) 885-7979,Scott Price,Fort Construction: quick ops note,"Hi Scott,

I was looking at Fort Construction in Fort Worth. Two things stood out: I didn't see online scheduling tied to a dispatch system (ServiceTitan, FieldEdge, Housecall Pro), so I'm guessing calls, texts and the board are still stitched together by hand.

Master Plan runs books and advisory for trades, and now handles website Care and AI ops (missed-call text-back, booking, review follow-up) for the same shops.

Worth a 15-minute look? I can send a one-page punch list for Fort Construction first. No charge, no obligation.

[Master Plan rep sign-off: send from Master Plan domain, not as Jeff]
[Physical address + opt-out line required before any send (CAN-SPAM)]","""Hi, is this Scott? It's [name] with Master Plan in Dallas. We work with gc shops on the back office and the ops side. Quick one: I didn't see online scheduling tied to a dispatch system (ServiceTitan, FieldEdge, Housecall Pro), so I'm guessing calls, texts and the board are still stitched together by hand. Who handles your scheduling and missed calls?""",no FSM widget/booking link found publicly,DRAFT - not sent
VIP PLUMBING EXPERTS LLC,DFW,Plumbing,B,79,,(469) 486-0687,,VIP PLUMBING EXPERTS LLC: quick ops note,"Hi VIP PLUMBING EXPERTS LLC team,

I was looking at VIP PLUMBING EXPERTS LLC in Frisco. Two things stood out: your Google profile doesn't link to a website, so every search click has nowhere to land except a phone call; and I didn't see online scheduling tied to a dispatch system (ServiceTitan, FieldEdge, Housecall Pro), so I'm guessing calls, texts and the board are still stitched together by hand.

Master Plan runs books and advisory for trades, and now handles website Care and AI ops (missed-call text-back, booking, review follow-up) for the same shops.

Worth a 15-minute look? I can send a one-page punch list for VIP PLUMBING EXPERTS LLC first. No charge, no obligation.

[Master Plan rep sign-off: send from Master Plan domain, not as Jeff]
[Physical address + opt-out line required before any send (CAN-SPAM)]","""Hi, is this the owner? It's [name] with Master Plan in Dallas. We work with plumbing shops on the back office and the ops side. Quick one: your Google profile doesn't link to a website, so every search click has nowhere to land except a phone call. Who handles your scheduling and missed calls?""",GBP has no website field; no FSM widget/booking link found publicly,DRAFT - not sent
Auto Electric Services,DFW,Electrical,B,79,,(972) 424-1777,,Auto Electric Services: quick ops note,"Hi Auto Electric Services team,

I was looking at Auto Electric Services in Plano. Two things stood out: your Google profile doesn't link to a website, so every search click has nowhere to land except a phone call; and I didn't see online scheduling tied to a dispatch system (ServiceTitan, FieldEdge, Housecall Pro), so I'm guessing calls, texts and the board are still stitched together by hand.

Master Plan runs books and advisory for trades, and now handles website Care and AI ops (missed-call text-back, booking, review follow-up) for the same shops.

Worth a 15-minute look? I can send a one-page punch list for Auto Electric Services first. No charge, no obligation.

[Master Plan rep sign-off: send from Master Plan domain, not as Jeff]
[Physical address + opt-out line required before any send (CAN-SPAM)]","""Hi, is this the owner? It's [name] with Master Plan in Dallas. We work with electrical shops on the back office and the ops side. Quick one: your Google profile doesn't link to a website, so every search click has nowhere to land except a phone call. Who handles your scheduling and missed calls?""",GBP has no website field; no FSM widget/booking link found publicly,DRAFT - not sent
VLS Construction & Restoration LLC,DFW,GC,B,79,,(817) 889-5009,,VLS Construction & Restoration LLC: quick ops note,"Hi VLS Construction & Restoration LLC team,

I was looking at VLS Construction & Restoration LLC in Fort Worth. Two things stood out: your Google profile doesn't link to a website, so every search click has nowhere to land except a phone call; and I didn't see online scheduling tied to a dispatch system (ServiceTitan, FieldEdge, Housecall Pro), so I'm guessing calls, texts and the board are still stitched together by hand.

Master Plan runs books and advisory for trades, and now handles website Care and AI ops (missed-call text-back, booking, review follow-up) for the same shops.

Worth a 15-minute look? I can send a one-page punch list for VLS Construction & Restoration LLC first. No charge, no obligation.

[Master Plan rep sign-off: send from Master Plan domain, not as Jeff]
[Physical address + opt-out line required before any send (CAN-SPAM)]","""Hi, is this the owner? It's [name] with Master Plan in Dallas. We work with gc shops on the back office and the ops side. Quick one: your Google profile doesn't link to a website, so every search click has nowhere to land except a phone call. Who handles your scheduling and missed calls?""",GBP has no website field; no FSM widget/booking link found publicly,DRAFT - not sent
Discount Backflow LLC,DFW,Plumbing,B,79,,(940) 800-8378,,Discount Backflow LLC: quick ops note,"Hi Discount Backflow LLC team,

I was looking at Discount Backflow LLC in Denton. Two things stood out: your Google profile doesn't link to a website, so every search click has nowhere to land except a phone call; and I didn't see online scheduling tied to a dispatch system (ServiceTitan, FieldEdge, Housecall Pro), so I'm guessing calls, texts and the board are still stitched together by hand.

Master Plan runs books and advisory for trades, and now handles website Care and AI ops (missed-call text-back, booking, review follow-up) for the same shops.

Worth a 15-minute look? I can send a one-page punch list for Discount Backflow LLC first. No charge, no obligation.

[Master Plan rep sign-off: send from Master Plan domain, not as Jeff]
[Physical address + opt-out line required before any send (CAN-SPAM)]","""Hi, is this the owner? It's [name] with Master Plan in Dallas. We work with plumbing shops on the back office and the ops side. Quick one: your Google profile doesn't link to a website, so every search click has nowhere to land except a phone call. Who handles your scheduling and missed calls?""",GBP has no website field; no FSM widget/booking link found publicly,DRAFT - not sent
Lon Smith Roofing & Construction,DFW,Roofing,B,79,info@lonsmith.com,(817) 926-8400,Shawn Michael,Lon Smith Roofing & Construction: quick ops note,"Hi Shawn,

I was looking at Lon Smith Roofing & Construction in Fort Worth. Two things stood out: the footer still says ©2023, which customers read as 'is this company still around?'; and I didn't see online scheduling tied to a dispatch system (ServiceTitan, FieldEdge, Housecall Pro), so I'm guessing calls, texts and the board are still stitched together by hand.

Master Plan runs books and advisory for trades, and now handles website Care and AI ops (missed-call text-back, booking, review follow-up) for the same shops.

Worth a 15-minute look? I can send a one-page punch list for Lon Smith Roofing & Construction first. No charge, no obligation.

[Master Plan rep sign-off: send from Master Plan domain, not as Jeff]
[Physical address + opt-out line required before any send (CAN-SPAM)]","""Hi, is this Shawn? It's [name] with Master Plan in Dallas. We work with roofing shops on the back office and the ops side. Quick one: the footer still says ©2023, which customers read as 'is this company still around?'. Who handles your scheduling and missed calls?""",copyright year; no FSM widget/booking link found publicly,DRAFT - not sent
Azael Electrical And Lighting Design LLC,DFW,Electrical,B,79,info@azaelelectrical.com,(682) 233-4611,Jazon Gonzalez,Azael Electrical And Lighting Design LLC: quick ops note,"Hi Jazon,

I was looking at Azael Electrical And Lighting Design LLC in Arlington. Two things stood out: the footer still says ©2022, which customers read as 'is this company still around?'; and I didn't see online scheduling tied to a dispatch system (ServiceTitan, FieldEdge, Housecall Pro), so I'm guessing calls, texts and the board are still stitched together by hand.

Master Plan runs books and advisory for trades, and now handles website Care and AI ops (missed-call text-back, booking, review follow-up) for the same shops.

Worth a 15-minute look? I can send a one-page punch list for Azael Electrical And Lighting Design LLC first. No charge, no obligation.

[Master Plan rep sign-off: send from Master Plan domain, not as Jeff]
[Physical address + opt-out line required before any send (CAN-SPAM)]","""Hi, is this Jazon? It's [name] with Master Plan in Dallas. We work with electrical shops on the back office and the ops side. Quick one: the footer still says ©2022, which customers read as 'is this company still around?'. Who handles your scheduling and missed calls?""",copyright year; no FSM widget/booking link found publicly,DRAFT - not sent
Pro Brush Painting And Remodeling,DFW,GC,B,79,,(817) 538-5200,,Pro Brush Painting And Remodeling: quick ops note,"Hi Pro Brush Painting And Remodeling team,

I was looking at Pro Brush Painting And Remodeling in Arlington. Two things stood out: your Google profile doesn't link to a website, so every search click has nowhere to land except a phone call; and I didn't see online scheduling tied to a dispatch system (ServiceTitan, FieldEdge, Housecall Pro), so I'm guessing calls, texts and the board are still stitched together by hand.

Master Plan runs books and advisory for trades, and now handles website Care and AI ops (missed-call text-back, booking, review follow-up) for the same shops.

Worth a 15-minute look? I can send a one-page punch list for Pro Brush Painting And Remodeling first. No charge, no obligation.

[Master Plan rep sign-off: send from Master Plan domain, not as Jeff]
[Physical address + opt-out line required before any send (CAN-SPAM)]","""Hi, is this the owner? It's [name] with Master Plan in Dallas. We work with gc shops on the back office and the ops side. Quick one: your Google profile doesn't link to a website, so every search click has nowhere to land except a phone call. Who handles your scheduling and missed calls?""",GBP has no website field; no FSM widget/booking link found publicly,DRAFT - not sent
Kline LLC,DFW,Plumbing,B,79,,(682) 615-6528,,Kline LLC: quick ops note,"Hi Kline LLC team,

I was looking at Kline LLC in Southlake. Two things stood out: your Google profile doesn't link to a website, so every search click has nowhere to land except a phone call; and I didn't see online scheduling tied to a dispatch system (ServiceTitan, FieldEdge, Housecall Pro), so I'm guessing calls, texts and the board are still stitched together by hand.

Master Plan runs books and advisory for trades, and now handles website Care and AI ops (missed-call text-back, booking, review follow-up) for the same shops.

Worth a 15-minute look? I can send a one-page punch list for Kline LLC first. No charge, no obligation.

[Master Plan rep sign-off: send from Master Plan domain, not as Jeff]
[Physical address + opt-out line required before any send (CAN-SPAM)]","""Hi, is this the owner? It's [name] with Master Plan in Dallas. We work with plumbing shops on the back office and the ops side. Quick one: your Google profile doesn't link to a website, so every search click has nowhere to land except a phone call. Who handles your scheduling and missed calls?""",GBP has no website field; no FSM widget/booking link found publicly,DRAFT - not sent
Davis Roofing Solutions,DFW,Roofing,B,79,drew@davisroofingsolutions.com,(817) 857-7663,Drew Davis,Davis Roofing Solutions: quick ops note,"Hi Drew,

I was looking at Davis Roofing Solutions in Fort Worth. Two things stood out: the footer still says ©2022, which customers read as 'is this company still around?'; and I didn't see online scheduling tied to a dispatch system (ServiceTitan, FieldEdge, Housecall Pro), so I'm guessing calls, texts and the board are still stitched together by hand.

Master Plan runs books and advisory for trades, and now handles website Care and AI ops (missed-call text-back, booking, review follow-up) for the same shops.

Worth a 15-minute look? I can send a one-page punch list for Davis Roofing Solutions first. No charge, no obligation.

[Master Plan rep sign-off: send from Master Plan domain, not as Jeff]
[Physical address + opt-out line required before any send (CAN-SPAM)]","""Hi, is this Drew? It's [name] with Master Plan in Dallas. We work with roofing shops on the back office and the ops side. Quick one: the footer still says ©2022, which customers read as 'is this company still around?'. Who handles your scheduling and missed calls?""",copyright year; no FSM widget/booking link found publicly,DRAFT - not sent
Foster Electric LLC,DFW,Electrical,B,79,,(972) 837-6098,,Foster Electric LLC: quick ops note,"Hi Foster Electric LLC team,

I was looking at Foster Electric LLC in McKinney. Two things stood out: your Google profile doesn't link to a website, so every search click has nowhere to land except a phone call; and I didn't see online scheduling tied to a dispatch system (ServiceTitan, FieldEdge, Housecall Pro), so I'm guessing calls, texts and the board are still stitched together by hand.

Master Plan runs books and advisory for trades, and now handles website Care and AI ops (missed-call text-back, booking, review follow-up) for the same shops.

Worth a 15-minute look? I can send a one-page punch list for Foster Electric LLC first. No charge, no obligation.

[Master Plan rep sign-off: send from Master Plan domain, not as Jeff]
[Physical address + opt-out line required before any send (CAN-SPAM)]","""Hi, is this the owner? It's [name] with Master Plan in Dallas. We work with electrical shops on the back office and the ops side. Quick one: your Google profile doesn't link to a website, so every search click has nowhere to land except a phone call. Who handles your scheduling and missed calls?""",GBP has no website field; no FSM widget/booking link found publicly,DRAFT - not sent
"Irwin Construction, LLC",DFW,GC,B,79,info@irwinbuilds.com,(940) 299-9954,Kelley Irwin,"Irwin Construction, LLC: quick ops note","Hi Kelley,

I was looking at Irwin Construction, LLC in Denton. Two things stood out: on a phone, your number isn't tap-to-call; and I didn't see online scheduling tied to a dispatch system (ServiceTitan, FieldEdge, Housecall Pro), so I'm guessing calls, texts and the board are still stitched together by hand.

Master Plan runs books and advisory for trades, and now handles website Care and AI ops (missed-call text-back, booking, review follow-up) for the same shops.

Worth a 15-minute look? I can send a one-page punch list for Irwin Construction, LLC first. No charge, no obligation.

[Master Plan rep sign-off: send from Master Plan domain, not as Jeff]
[Physical address + opt-out line required before any send (CAN-SPAM)]","""Hi, is this Kelley? It's [name] with Master Plan in Dallas. We work with gc shops on the back office and the ops side. Quick one: on a phone, your number isn't tap-to-call. Who handles your scheduling and missed calls?""",no tel: link on homepage; no FSM widget/booking link found publicly,DRAFT - not sent
Sawyer Brothers Plumber's Service Co,DFW,Plumbing,B,79,,(972) 203-6550,,Sawyer Brothers Plumber's Service Co: quick ops note,"Hi Sawyer Brothers Plumber's Service Co team,

I was looking at Sawyer Brothers Plumber's Service Co in Richardson. Two things stood out: your Google profile doesn't link to a website, so every search click has nowhere to land except a phone call; and I didn't see online scheduling tied to a dispatch system (ServiceTitan, FieldEdge, Housecall Pro), so I'm guessing calls, texts and the board are still stitched together by hand.

Master Plan runs books and advisory for trades, and now handles website Care and AI ops (missed-call text-back, booking, review follow-up) for the same shops.

Worth a 15-minute look? I can send a one-page punch list for Sawyer Brothers Plumber's Service Co first. No charge, no obligation.

[Master Plan rep sign-off: send from Master Plan domain, not as Jeff]
[Physical address + opt-out line required before any send (CAN-SPAM)]","""Hi, is this the owner? It's [name] with Master Plan in Dallas. We work with plumbing shops on the back office and the ops side. Quick one: your Google profile doesn't link to a website, so every search click has nowhere to land except a phone call. Who handles your scheduling and missed calls?""",GBP has no website field; no FSM widget/booking link found publicly,DRAFT - not sent
Cabrera & Sons Roofers LLC,DFW,Roofing,B,79,,(469) 940-4343,,Cabrera & Sons Roofers LLC: quick ops note,"Hi Cabrera & Sons Roofers LLC team,

I was looking at Cabrera & Sons Roofers LLC in Frisco. Two things stood out: your Google profile doesn't link to a website, so every search click has nowhere to land except a phone call; and I didn't see online scheduling tied to a dispatch system (ServiceTitan, FieldEdge, Housecall Pro), so I'm guessing calls, texts and the board are still stitched together by hand.

Master Plan runs books and advisory for trades, and now handles website Care and AI ops (missed-call text-back, booking, review follow-up) for the same shops.

Worth a 15-minute look? I can send a one-page punch list for Cabrera & Sons Roofers LLC first. No charge, no obligation.

[Master Plan rep sign-off: send from Master Plan domain, not as Jeff]
[Physical address + opt-out line required before any send (CAN-SPAM)]","""Hi, is this the owner? It's [name] with Master Plan in Dallas. We work with roofing shops on the back office and the ops side. Quick one: your Google profile doesn't link to a website, so every search click has nowhere to land except a phone call. Who handles your scheduling and missed calls?""",GBP has no website field; no FSM widget/booking link found publicly,DRAFT - not sent
Mario and Sons Electric,DFW,Electrical,B,79,mario_tovar@marioandsonselectric.com,(940) 735-4769,Acosta Tovar,Mario and Sons Electric: quick ops note,"Hi Acosta,

I was looking at Mario and Sons Electric in Denton. Two things stood out: I couldn't find a way to book or request a quote online on your site. After-hours visitors usually just leave; and I didn't see online scheduling tied to a dispatch system (ServiceTitan, FieldEdge, Housecall Pro), so I'm guessing calls, texts and the board are still stitched together by hand.

Master Plan runs books and advisory for trades, and now handles website Care and AI ops (missed-call text-back, booking, review follow-up) for the same shops.

Worth a 15-minute look? I can send a one-page punch list for Mario and Sons Electric first. No charge, no obligation.

[Master Plan rep sign-off: send from Master Plan domain, not as Jeff]
[Physical address + opt-out line required before any send (CAN-SPAM)]","""Hi, is this Acosta? It's [name] with Master Plan in Dallas. We work with electrical shops on the back office and the ops side. Quick one: I couldn't find a way to book or request a quote online on your site. After-hours visitors usually just leave. Who handles your scheduling and missed calls?""",no booking/quote CTA on home/contact pages; no FSM widget/booking link found publicly,DRAFT - not sent
Vertical Solutions Roofing & Construction,DFW,Roofing,B,79,info@verticalsolutionsroofing.com,(214) 706-2749,Austin McMeans,Vertical Solutions Roofing & Construction: quick ops note,"Hi Austin,

I was looking at Vertical Solutions Roofing & Construction in Carrollton. Two things stood out: on a phone, your number isn't tap-to-call; and I didn't see online scheduling tied to a dispatch system (ServiceTitan, FieldEdge, Housecall Pro), so I'm guessing calls, texts and the board are still stitched together by hand.

Master Plan runs books and advisory for trades, and now handles website Care and AI ops (missed-call text-back, booking, review follow-up) for the same shops.

Worth a 15-minute look? I can send a one-page punch list for Vertical Solutions Roofing & Construction first. No charge, no obligation.

[Master Plan rep sign-off: send from Master Plan domain, not as Jeff]
[Physical address + opt-out line required before any send (CAN-SPAM)]","""Hi, is this Austin? It's [name] with Master Plan in Dallas. We work with roofing shops on the back office and the ops side. Quick one: on a phone, your number isn't tap-to-call. Who handles your scheduling and missed calls?""",no tel: link on homepage; no FSM widget/booking link found publicly,DRAFT - not sent
F Q Electrical Co. LLC,DFW,Electrical,B,79,,(817) 793-3865,,F Q Electrical Co. LLC: quick ops note,"Hi F Q Electrical Co. LLC team,

I was looking at F Q Electrical Co. LLC in Ponder. Two things stood out: I couldn't find a way to book or request a quote online on your site. After-hours visitors usually just leave; and on a phone, your number isn't tap-to-call.

Master Plan runs books and advisory for trades, and now handles website Care and AI ops (missed-call text-back, booking, review follow-up) for the same shops.

Worth a 15-minute look? I can send a one-page punch list for F Q Electrical Co. LLC first. No charge, no obligation.

[Master Plan rep sign-off: send from Master Plan domain, not as Jeff]
[Physical address + opt-out line required before any send (CAN-SPAM)]","""Hi, is this the owner? It's [name] with Master Plan in Dallas. We work with electrical shops on the back office and the ops side. Quick one: I couldn't find a way to book or request a quote online on your site. After-hours visitors usually just leave. Who handles your scheduling and missed calls?""",no booking/quote CTA on home/contact pages; no tel: link on homepage; no FSM widget/booking link found publicly,DRAFT - not sent
Carey Plumbing Company,DFW,Plumbing,B,78,,(817) 435-0850,,Carey Plumbing Company: quick ops note,"Hi Carey Plumbing Company team,

I was looking at Carey Plumbing Company in Irving. Two things stood out: I couldn't find a way to book or request a quote online on your site. After-hours visitors usually just leave; and on a phone, your number isn't tap-to-call.

Master Plan runs books and advisory for trades, and now handles website Care and AI ops (missed-call text-back, booking, review follow-up) for the same shops.

Worth a 15-minute look? I can send a one-page punch list for Carey Plumbing Company first. No charge, no obligation.

[Master Plan rep sign-off: send from Master Plan domain, not as Jeff]
[Physical address + opt-out line required before any send (CAN-SPAM)]","""Hi, is this the owner? It's [name] with Master Plan in Dallas. We work with plumbing shops on the back office and the ops side. Quick one: I couldn't find a way to book or request a quote online on your site. After-hours visitors usually just leave. Who handles your scheduling and missed calls?""",no booking/quote CTA on home/contact pages; no tel: link on homepage; no FSM widget/booking link found publicly,DRAFT - not sent
Mathews Electric,KC,Electrical,B,77,office@mathewselectric.us,(816) 533-5409,,Mathews Electric: quick ops note,"Hi Mathews Electric team,

I was looking at Mathews Electric in Kansas City. Two things stood out: on a phone, your number isn't tap-to-call; and I didn't see online scheduling tied to a dispatch system (ServiceTitan, FieldEdge, Housecall Pro), so I'm guessing calls, texts and the board are still stitched together by hand.

Master Plan runs books and advisory for trades, and now handles website Care and AI ops (missed-call text-back, booking, review follow-up) for the same shops.

Worth a 15-minute look? I can send a one-page punch list for Mathews Electric first. No charge, no obligation.

[Master Plan rep sign-off: send from Master Plan domain, not as Jeff]
[Physical address + opt-out line required before any send (CAN-SPAM)]","""Hi, is this the owner? It's [name] with Master Plan in Kansas City. We work with electrical shops on the back office and the ops side. Quick one: on a phone, your number isn't tap-to-call. Who handles your scheduling and missed calls?""",no tel: link on homepage; no FSM widget/booking link found publicly,DRAFT - not sent
Above All Construction,KC,Roofing,B,77,nick@aboveallkc.com,(913) 298-6603,,Above All Construction: quick ops note,"Hi Above All Construction team,

I was looking at Above All Construction in Kansas City. Two things stood out: I couldn't find a way to book or request a quote online on your site. After-hours visitors usually just leave; and I didn't see online scheduling tied to a dispatch system (ServiceTitan, FieldEdge, Housecall Pro), so I'm guessing calls, texts and the board are still stitched together by hand.

Master Plan runs books and advisory for trades, and now handles website Care and AI ops (missed-call text-back, booking, review follow-up) for the same shops.

Worth a 15-minute look? I can send a one-page punch list for Above All Construction first. No charge, no obligation.

[Master Plan rep sign-off: send from Master Plan domain, not as Jeff]
[Physical address + opt-out line required before any send (CAN-SPAM)]","""Hi, is this the owner? It's [name] with Master Plan in Kansas City. We work with roofing shops on the back office and the ops side. Quick one: I couldn't find a way to book or request a quote online on your site. After-hours visitors usually just leave. Who handles your scheduling and missed calls?""",no booking/quote CTA on home/contact pages; no FSM widget/booking link found publicly,DRAFT - not sent
EPIC Exteriors,KC,Roofing,B,77,shawn@epicexteriorskc.com,(913) 963-2276,,EPIC Exteriors: quick ops note,"Hi EPIC Exteriors team,

I was looking at EPIC Exteriors in Overland Park. Two things stood out: on a phone, your number isn't tap-to-call; and I didn't see online scheduling tied to a dispatch system (ServiceTitan, FieldEdge, Housecall Pro), so I'm guessing calls, texts and the board are still stitched together by hand.

Master Plan runs books and advisory for trades, and now handles website Care and AI ops (missed-call text-back, booking, review follow-up) for the same shops.

Worth a 15-minute look? I can send a one-page punch list for EPIC Exteriors first. No charge, no obligation.

[Master Plan rep sign-off: send from Master Plan domain, not as Jeff]
[Physical address + opt-out line required before any send (CAN-SPAM)]","""Hi, is this the owner? It's [name] with Master Plan in Kansas City. We work with roofing shops on the back office and the ops side. Quick one: on a phone, your number isn't tap-to-call. Who handles your scheduling and missed calls?""",no tel: link on homepage; no FSM widget/booking link found publicly,DRAFT - not sent
Sunlife Systems Midwest Inc,KC,Roofing,B,77,mark.lobel@sunlifemidwest.com,(816) 221-8055,,Sunlife Systems Midwest Inc: quick ops note,"Hi Sunlife Systems Midwest Inc team,

I was looking at Sunlife Systems Midwest Inc in Lee's Summit. Two things stood out: I couldn't find a way to book or request a quote online on your site. After-hours visitors usually just leave; and the footer still says ©2024, which customers read as 'is this company still around?'.

Master Plan runs books and advisory for trades, and now handles website Care and AI ops (missed-call text-back, booking, review follow-up) for the same shops.

Worth a 15-minute look? I can send a one-page punch list for Sunlife Systems Midwest Inc first. No charge, no obligation.

[Master Plan rep sign-off: send from Master Plan domain, not as Jeff]
[Physical address + opt-out line required before any send (CAN-SPAM)]","""Hi, is this the owner? It's [name] with Master Plan in Kansas City. We work with roofing shops on the back office and the ops side. Quick one: I couldn't find a way to book or request a quote online on your site. After-hours visitors usually just leave. Who handles your scheduling and missed calls?""",no booking/quote CTA on home/contact pages; copyright year; no FSM widget/booking link found publicly,DRAFT - not sent
Schuler,KC,HVAC,B,77,,(913) 262-2969,Jen Ingala,Schuler: quick ops note,"Hi Jen,

I was looking at Schuler in Kansas City. Two things stood out: on a phone, your number isn't tap-to-call; and I didn't see online scheduling tied to a dispatch system (ServiceTitan, FieldEdge, Housecall Pro), so I'm guessing calls, texts and the board are still stitched together by hand.

Master Plan runs books and advisory for trades, and now handles website Care and AI ops (missed-call text-back, booking, review follow-up) for the same shops.

Worth a 15-minute look? I can send a one-page punch list for Schuler first. No charge, no obligation.

[Master Plan rep sign-off: send from Master Plan domain, not as Jeff]
[Physical address + opt-out line required before any send (CAN-SPAM)]","""Hi, is this Jen? It's [name] with Master Plan in Kansas City. We work with hvac shops on the back office and the ops side. Quick one: on a phone, your number isn't tap-to-call. Who handles your scheduling and missed calls?""",no tel: link on homepage; no FSM widget/booking link found publicly,DRAFT - not sent
Guaranteed Affordable Roofing,KC,Roofing,B,77,g.a.roofing@sbcglobal.net,(816) 529-0706,,Guaranteed Affordable Roofing: quick ops note,"Hi Guaranteed Affordable Roofing team,

I was looking at Guaranteed Affordable Roofing in Independence. Two things stood out: the footer still says ©2023, which customers read as 'is this company still around?'; and I didn't see online scheduling tied to a dispatch system (ServiceTitan, FieldEdge, Housecall Pro), so I'm guessing calls, texts and the board are still stitched together by hand.

Master Plan runs books and advisory for trades, and now handles website Care and AI ops (missed-call text-back, booking, review follow-up) for the same shops.

Worth a 15-minute look? I can send a one-page punch list for Guaranteed Affordable Roofing first. No charge, no obligation.

[Master Plan rep sign-off: send from Master Plan domain, not as Jeff]
[Physical address + opt-out line required before any send (CAN-SPAM)]","""Hi, is this the owner? It's [name] with Master Plan in Kansas City. We work with roofing shops on the back office and the ops side. Quick one: the footer still says ©2023, which customers read as 'is this company still around?'. Who handles your scheduling and missed calls?""",copyright year; no FSM widget/booking link found publicly,DRAFT - not sent
TJS HVAC Services,KC,HVAC,B,77,tjhvac1@gmail.com,(913) 433-4950,,TJS HVAC Services: quick ops note,"Hi TJS HVAC Services team,

I was looking at TJS HVAC Services in Olathe. Two things stood out: on a phone, your number isn't tap-to-call; and I didn't see online scheduling tied to a dispatch system (ServiceTitan, FieldEdge, Housecall Pro), so I'm guessing calls, texts and the board are still stitched together by hand.

Master Plan runs books and advisory for trades, and now handles website Care and AI ops (missed-call text-back, booking, review follow-up) for the same shops.

Worth a 15-minute look? I can send a one-page punch list for TJS HVAC Services first. No charge, no obligation.

[Master Plan rep sign-off: send from Master Plan domain, not as Jeff]
[Physical address + opt-out line required before any send (CAN-SPAM)]","""Hi, is this the owner? It's [name] with Master Plan in Kansas City. We work with hvac shops on the back office and the ops side. Quick one: on a phone, your number isn't tap-to-call. Who handles your scheduling and missed calls?""",no tel: link on homepage; no FSM widget/booking link found publicly,DRAFT - not sent
Heating and Cooling KC LLC,KC,HVAC,B,77,heatingandcoolingkc@gmail.com,(913) 215-8406,,Heating and Cooling KC LLC: quick ops note,"Hi Heating and Cooling KC LLC team,

I was looking at Heating and Cooling KC LLC in Olathe. Two things stood out: the footer still says ©2023, which customers read as 'is this company still around?'; and I didn't see online scheduling tied to a dispatch system (ServiceTitan, FieldEdge, Housecall Pro), so I'm guessing calls, texts and the board are still stitched together by hand.

Master Plan runs books and advisory for trades, and now handles website Care and AI ops (missed-call text-back, booking, review follow-up) for the same shops.

Worth a 15-minute look? I can send a one-page punch list for Heating and Cooling KC LLC first. No charge, no obligation.

[Master Plan rep sign-off: send from Master Plan domain, not as Jeff]
[Physical address + opt-out line required before any send (CAN-SPAM)]","""Hi, is this the owner? It's [name] with Master Plan in Kansas City. We work with hvac shops on the back office and the ops side. Quick one: the footer still says ©2023, which customers read as 'is this company still around?'. Who handles your scheduling and missed calls?""",copyright year; no FSM widget/booking link found publicly,DRAFT - not sent
"Groom's Appliance, Heating & Cooling",KC,HVAC,B,77,alana@groomsappliance.com,(816) 524-7184,,"Groom's Appliance, Heating & Cooling: quick ops note","Hi Groom's Appliance, Heating & Cooling team,

I was looking at Groom's Appliance, Heating & Cooling in Lee's Summit. Two things stood out: on a phone, your number isn't tap-to-call; and I didn't see online scheduling tied to a dispatch system (ServiceTitan, FieldEdge, Housecall Pro), so I'm guessing calls, texts and the board are still stitched together by hand.

Master Plan runs books and advisory for trades, and now handles website Care and AI ops (missed-call text-back, booking, review follow-up) for the same shops.

Worth a 15-minute look? I can send a one-page punch list for Groom's Appliance, Heating & Cooling first. No charge, no obligation.

[Master Plan rep sign-off: send from Master Plan domain, not as Jeff]
[Physical address + opt-out line required before any send (CAN-SPAM)]","""Hi, is this the owner? It's [name] with Master Plan in Kansas City. We work with hvac shops on the back office and the ops side. Quick one: on a phone, your number isn't tap-to-call. Who handles your scheduling and missed calls?""",no tel: link on homepage; no FSM widget/booking link found publicly,DRAFT - not sent
Military Construction co,DFW,Plumbing,B,77,info@militaryconstructionco.com,(817) 569-0090,,Military Construction co: quick ops note,"Hi Military Construction co team,

I was looking at Military Construction co in Fort Worth. Two things stood out: I didn't see online scheduling tied to a dispatch system (ServiceTitan, FieldEdge, Housecall Pro), so I'm guessing calls, texts and the board are still stitched together by hand.

Master Plan runs books and advisory for trades, and now handles website Care and AI ops (missed-call text-back, booking, review follow-up) for the same shops.

Worth a 15-minute look? I can send a one-page punch list for Military Construction co first. No charge, no obligation.

[Master Plan rep sign-off: send from Master Plan domain, not as Jeff]
[Physical address + opt-out line required before any send (CAN-SPAM)]","""Hi, is this the owner? It's [name] with Master Plan in Dallas. We work with plumbing shops on the back office and the ops side. Quick one: I didn't see online scheduling tied to a dispatch system (ServiceTitan, FieldEdge, Housecall Pro), so I'm guessing calls, texts and the board are still stitched together by hand. Who handles your scheduling and missed calls?""",no FSM widget/booking link found publicly,DRAFT - not sent
Rooflens,DFW,Roofing,B,77,info@rooflenstx.com,(945) 253-5999,,Rooflens: quick ops note,"Hi Rooflens team,

I was looking at Rooflens in Plano. Two things stood out: I couldn't find a way to book or request a quote online on your site. After-hours visitors usually just leave; and I didn't see online scheduling tied to a dispatch system (ServiceTitan, FieldEdge, Housecall Pro), so I'm guessing calls, texts and the board are still stitched together by hand.

Master Plan runs books and advisory for trades, and now handles website Care and AI ops (missed-call text-back, booking, review follow-up) for the same shops.

Worth a 15-minute look? I can send a one-page punch list for Rooflens first. No charge, no obligation.

[Master Plan rep sign-off: send from Master Plan domain, not as Jeff]
[Physical address + opt-out line required before any send (CAN-SPAM)]","""Hi, is this the owner? It's [name] with Master Plan in Dallas. We work with roofing shops on the back office and the ops side. Quick one: I couldn't find a way to book or request a quote online on your site. After-hours visitors usually just leave. Who handles your scheduling and missed calls?""",no booking/quote CTA on home/contact pages; no FSM widget/booking link found publicly,DRAFT - not sent
Primetime Electrical Contractors,DFW,Electrical,B,77,husein@myprimetimeelectrical.com,(214) 776-7066,,Primetime Electrical Contractors: quick ops note,"Hi Primetime Electrical Contractors team,

I was looking at Primetime Electrical Contractors in Plano. Two things stood out: I didn't see online scheduling tied to a dispatch system (ServiceTitan, FieldEdge, Housecall Pro), so I'm guessing calls, texts and the board are still stitched together by hand.

Master Plan runs books and advisory for trades, and now handles website Care and AI ops (missed-call text-back, booking, review follow-up) for the same shops.

Worth a 15-minute look? I can send a one-page punch list for Primetime Electrical Contractors first. No charge, no obligation.

[Master Plan rep sign-off: send from Master Plan domain, not as Jeff]
[Physical address + opt-out line required before any send (CAN-SPAM)]","""Hi, is this the owner? It's [name] with Master Plan in Dallas. We work with electrical shops on the back office and the ops side. Quick one: I didn't see online scheduling tied to a dispatch system (ServiceTitan, FieldEdge, Housecall Pro), so I'm guessing calls, texts and the board are still stitched together by hand. Who handles your scheduling and missed calls?""",no FSM widget/booking link found publicly,DRAFT - not sent
RCSA Roofing & Construction,DFW,Roofing,B,77,info@rcsausa.com,(972) 360-7891,,RCSA Roofing & Construction: quick ops note,"Hi RCSA Roofing & Construction team,

I was looking at RCSA Roofing & Construction in Plano. Two things stood out: I didn't see online scheduling tied to a dispatch system (ServiceTitan, FieldEdge, Housecall Pro), so I'm guessing calls, texts and the board are still stitched together by hand.

Master Plan runs books and advisory for trades, and now handles website Care and AI ops (missed-call text-back, booking, review follow-up) for the same shops.

Worth a 15-minute look? I can send a one-page punch list for RCSA Roofing & Construction first. No charge, no obligation.

[Master Plan rep sign-off: send from Master Plan domain, not as Jeff]
[Physical address + opt-out line required before any send (CAN-SPAM)]","""Hi, is this the owner? It's [name] with Master Plan in Dallas. We work with roofing shops on the back office and the ops side. Quick one: I didn't see online scheduling tied to a dispatch system (ServiceTitan, FieldEdge, Housecall Pro), so I'm guessing calls, texts and the board are still stitched together by hand. Who handles your scheduling and missed calls?""",no FSM widget/booking link found publicly,DRAFT - not sent
Lambright Electric Allen TX,DFW,Electrical,B,77,lambrightelectricllc@gmail.com,(214) 815-6745,,Lambright Electric Allen TX: quick ops note,"Hi Lambright Electric Allen TX team,

I was looking at Lambright Electric Allen TX in Allen. Two things stood out: I couldn't find a way to book or request a quote online on your site. After-hours visitors usually just leave; and the footer still says ©2022, which customers read as 'is this company still around?'.

Master Plan runs books and advisory for trades, and now handles website Care and AI ops (missed-call text-back, booking, review follow-up) for the same shops.

Worth a 15-minute look? I can send a one-page punch list for Lambright Electric Allen TX first. No charge, no obligation.

[Master Plan rep sign-off: send from Master Plan domain, not as Jeff]
[Physical address + opt-out line required before any send (CAN-SPAM)]","""Hi, is this the owner? It's [name] with Master Plan in Dallas. We work with electrical shops on the back office and the ops side. Quick one: I couldn't find a way to book or request a quote online on your site. After-hours visitors usually just leave. Who handles your scheduling and missed calls?""",no booking/quote CTA on home/contact pages; copyright year; no FSM widget/booking link found publicly,DRAFT - not sent
Impression Roofing,DFW,Roofing,B,77,contact@impressionroofing.com,(469) 905-5050,,Impression Roofing: quick ops note,"Hi Impression Roofing team,

I was looking at Impression Roofing in Frisco. Two things stood out: I didn't see online scheduling tied to a dispatch system (ServiceTitan, FieldEdge, Housecall Pro), so I'm guessing calls, texts and the board are still stitched together by hand.

Master Plan runs books and advisory for trades, and now handles website Care and AI ops (missed-call text-back, booking, review follow-up) for the same shops.

Worth a 15-minute look? I can send a one-page punch list for Impression Roofing first. No charge, no obligation.

[Master Plan rep sign-off: send from Master Plan domain, not as Jeff]
[Physical address + opt-out line required before any send (CAN-SPAM)]","""Hi, is this the owner? It's [name] with Master Plan in Dallas. We work with roofing shops on the back office and the ops side. Quick one: I didn't see online scheduling tied to a dispatch system (ServiceTitan, FieldEdge, Housecall Pro), so I'm guessing calls, texts and the board are still stitched together by hand. Who handles your scheduling and missed calls?""",no FSM widget/booking link found publicly,DRAFT - not sent
DLI Electric,DFW,Electrical,B,77,david@dlielectric.com,(817) 454-1580,,DLI Electric: quick ops note,"Hi DLI Electric team,

I was looking at DLI Electric in Arlington. Two things stood out: on a phone, your number isn't tap-to-call; and I didn't see online scheduling tied to a dispatch system (ServiceTitan, FieldEdge, Housecall Pro), so I'm guessing calls, texts and the board are still stitched together by hand.

Master Plan runs books and advisory for trades, and now handles website Care and AI ops (missed-call text-back, booking, review follow-up) for the same shops.

Worth a 15-minute look? I can send a one-page punch list for DLI Electric first. No charge, no obligation.

[Master Plan rep sign-off: send from Master Plan domain, not as Jeff]
[Physical address + opt-out line required before any send (CAN-SPAM)]","""Hi, is this the owner? It's [name] with Master Plan in Dallas. We work with electrical shops on the back office and the ops side. Quick one: on a phone, your number isn't tap-to-call. Who handles your scheduling and missed calls?""",no tel: link on homepage; no FSM widget/booking link found publicly,DRAFT - not sent
Roof Me LLC | Roofing & General Contracting | TEXT,DFW,Roofing,B,77,roofmellc@gmail.com,(469) 826-2945,,Roof Me LLC | Roofing & General Contracting | TEXT: quick ops note,"Hi Roof Me LLC | Roofing & General Contracting | TEXT team,

I was looking at Roof Me LLC | Roofing & General Contracting | TEXT in Garland. Two things stood out: on a phone, your number isn't tap-to-call; and I didn't see online scheduling tied to a dispatch system (ServiceTitan, FieldEdge, Housecall Pro), so I'm guessing calls, texts and the board are still stitched together by hand.

Master Plan runs books and advisory for trades, and now handles website Care and AI ops (missed-call text-back, booking, review follow-up) for the same shops.

Worth a 15-minute look? I can send a one-page punch list for Roof Me LLC | Roofing & General Contracting | TEXT first. No charge, no obligation.

[Master Plan rep sign-off: send from Master Plan domain, not as Jeff]
[Physical address + opt-out line required before any send (CAN-SPAM)]","""Hi, is this the owner? It's [name] with Master Plan in Dallas. We work with roofing shops on the back office and the ops side. Quick one: on a phone, your number isn't tap-to-call. Who handles your scheduling and missed calls?""",no tel: link on homepage; no FSM widget/booking link found publicly,DRAFT - not sent
B. L. Rieke & Associates,KC,GC,B,76,,(913) 599-3393,Bruce Rieke,B. L. Rieke & Associates: quick ops note,"Hi Bruce,

I was looking at B. L. Rieke & Associates in Lenexa. Two things stood out: I couldn't find a way to book or request a quote online on your site. After-hours visitors usually just leave; and I didn't see online scheduling tied to a dispatch system (ServiceTitan, FieldEdge, Housecall Pro), so I'm guessing calls, texts and the board are still stitched together by hand.

Master Plan runs books and advisory for trades, and now handles website Care and AI ops (missed-call text-back, booking, review follow-up) for the same shops.

Worth a 15-minute look? I can send a one-page punch list for B. L. Rieke & Associates first. No charge, no obligation.

[Master Plan rep sign-off: send from Master Plan domain, not as Jeff]
[Physical address + opt-out line required before any send (CAN-SPAM)]","""Hi, is this Bruce? It's [name] with Master Plan in Kansas City. We work with gc shops on the back office and the ops side. Quick one: I couldn't find a way to book or request a quote online on your site. After-hours visitors usually just leave. Who handles your scheduling and missed calls?""",no booking/quote CTA on home/contact pages; no FSM widget/booking link found publicly,DRAFT - not sent
Handy Hayes Improvements LLC,KC,GC,B,76,blake@handyhayesimprovements.com,(816) 809-1280,,Handy Hayes Improvements LLC: quick ops note,"Hi Handy Hayes Improvements LLC team,

I was looking at Handy Hayes Improvements LLC in Liberty. Two things stood out: the footer still says ©2024, which customers read as 'is this company still around?'; and I didn't see online scheduling tied to a dispatch system (ServiceTitan, FieldEdge, Housecall Pro), so I'm guessing calls, texts and the board are still stitched together by hand.

Master Plan runs books and advisory for trades, and now handles website Care and AI ops (missed-call text-back, booking, review follow-up) for the same shops.

Worth a 15-minute look? I can send a one-page punch list for Handy Hayes Improvements LLC first. No charge, no obligation.

[Master Plan rep sign-off: send from Master Plan domain, not as Jeff]
[Physical address + opt-out line required before any send (CAN-SPAM)]","""Hi, is this the owner? It's [name] with Master Plan in Kansas City. We work with gc shops on the back office and the ops side. Quick one: the footer still says ©2024, which customers read as 'is this company still around?'. Who handles your scheduling and missed calls?""",copyright year; no FSM widget/booking link found publicly,DRAFT - not sent
Teague Electric,KC,Electrical,B,75,,(913) 529-4600,,Teague Electric: quick ops note,"Hi Teague Electric team,

I was looking at Teague Electric in Lenexa. Two things stood out: I didn't see online scheduling tied to a dispatch system (ServiceTitan, FieldEdge, Housecall Pro), so I'm guessing calls, texts and the board are still stitched together by hand.

Master Plan runs books and advisory for trades, and now handles website Care and AI ops (missed-call text-back, booking, review follow-up) for the same shops.

Worth a 15-minute look? I can send a one-page punch list for Teague Electric first. No charge, no obligation.

[Master Plan rep sign-off: send from Master Plan domain, not as Jeff]
[Physical address + opt-out line required before any send (CAN-SPAM)]","""Hi, is this the owner? It's [name] with Master Plan in Kansas City. We work with electrical shops on the back office and the ops side. Quick one: I didn't see online scheduling tied to a dispatch system (ServiceTitan, FieldEdge, Housecall Pro), so I'm guessing calls, texts and the board are still stitched together by hand. Who handles your scheduling and missed calls?""",no FSM widget/booking link found publicly,DRAFT - not sent
Outdoor Lighting Perspectives of Kansas City,KC,Electrical,B,75,,(913) 285-8450,,Outdoor Lighting Perspectives of Kansas City: quick ops note,"Hi Outdoor Lighting Perspectives of Kansas City team,

I was looking at Outdoor Lighting Perspectives of Kansas City in Overland Park. Two things stood out: I didn't see online scheduling tied to a dispatch system (ServiceTitan, FieldEdge, Housecall Pro), so I'm guessing calls, texts and the board are still stitched together by hand.

Master Plan runs books and advisory for trades, and now handles website Care and AI ops (missed-call text-back, booking, review follow-up) for the same shops.

Worth a 15-minute look? I can send a one-page punch list for Outdoor Lighting Perspectives of Kansas City first. No charge, no obligation.

[Master Plan rep sign-off: send from Master Plan domain, not as Jeff]
[Physical address + opt-out line required before any send (CAN-SPAM)]","""Hi, is this the owner? It's [name] with Master Plan in Kansas City. We work with electrical shops on the back office and the ops side. Quick one: I didn't see online scheduling tied to a dispatch system (ServiceTitan, FieldEdge, Housecall Pro), so I'm guessing calls, texts and the board are still stitched together by hand. Who handles your scheduling and missed calls?""",no FSM widget/booking link found publicly,DRAFT - not sent
True Blue Plumbing LLC,KC,Plumbing,B,75,,(816) 628-2583,,True Blue Plumbing LLC: quick ops note,"Hi True Blue Plumbing LLC team,

I was looking at True Blue Plumbing LLC in Kansas City. Two things stood out: I didn't see online scheduling tied to a dispatch system (ServiceTitan, FieldEdge, Housecall Pro), so I'm guessing calls, texts and the board are still stitched together by hand.

Master Plan runs books and advisory for trades, and now handles website Care and AI ops (missed-call text-back, booking, review follow-up) for the same shops.

Worth a 15-minute look? I can send a one-page punch list for True Blue Plumbing LLC first. No charge, no obligation.

[Master Plan rep sign-off: send from Master Plan domain, not as Jeff]
[Physical address + opt-out line required before any send (CAN-SPAM)]","""Hi, is this the owner? It's [name] with Master Plan in Kansas City. We work with plumbing shops on the back office and the ops side. Quick one: I didn't see online scheduling tied to a dispatch system (ServiceTitan, FieldEdge, Housecall Pro), so I'm guessing calls, texts and the board are still stitched together by hand. Who handles your scheduling and missed calls?""",no FSM widget/booking link found publicly,DRAFT - not sent
Modern Construction Services LLC,KC,GC,B,75,,(913) 290-2495,,Modern Construction Services LLC: quick ops note,"Hi Modern Construction Services LLC team,

I was looking at Modern Construction Services LLC in Shawnee. Two things stood out: I didn't see online scheduling tied to a dispatch system (ServiceTitan, FieldEdge, Housecall Pro), so I'm guessing calls, texts and the board are still stitched together by hand.

Master Plan runs books and advisory for trades, and now handles website Care and AI ops (missed-call text-back, booking, review follow-up) for the same shops.

Worth a 15-minute look? I can send a one-page punch list for Modern Construction Services LLC first. No charge, no obligation.

[Master Plan rep sign-off: send from Master Plan domain, not as Jeff]
[Physical address + opt-out line required before any send (CAN-SPAM)]","""Hi, is this the owner? It's [name] with Master Plan in Kansas City. We work with gc shops on the back office and the ops side. Quick one: I didn't see online scheduling tied to a dispatch system (ServiceTitan, FieldEdge, Housecall Pro), so I'm guessing calls, texts and the board are still stitched together by hand. Who handles your scheduling and missed calls?""",no FSM widget/booking link found publicly,DRAFT - not sent
Inception Plumbing,KC,Plumbing,B,75,,(816) 369-1010,,Inception Plumbing: quick ops note,"Hi Inception Plumbing team,

I was looking at Inception Plumbing in Kansas City. Two things stood out: I didn't see online scheduling tied to a dispatch system (ServiceTitan, FieldEdge, Housecall Pro), so I'm guessing calls, texts and the board are still stitched together by hand.

Master Plan runs books and advisory for trades, and now handles website Care and AI ops (missed-call text-back, booking, review follow-up) for the same shops.

Worth a 15-minute look? I can send a one-page punch list for Inception Plumbing first. No charge, no obligation.

[Master Plan rep sign-off: send from Master Plan domain, not as Jeff]
[Physical address + opt-out line required before any send (CAN-SPAM)]","""Hi, is this the owner? It's [name] with Master Plan in Kansas City. We work with plumbing shops on the back office and the ops side. Quick one: I didn't see online scheduling tied to a dispatch system (ServiceTitan, FieldEdge, Housecall Pro), so I'm guessing calls, texts and the board are still stitched together by hand. Who handles your scheduling and missed calls?""",no FSM widget/booking link found publicly,DRAFT - not sent
Bryan Casey Construction LLC,KC,GC,B,75,,(816) 716-8258,,Bryan Casey Construction LLC: quick ops note,"Hi Bryan Casey Construction LLC team,

I was looking at Bryan Casey Construction LLC in Parkville. Two things stood out: I didn't see online scheduling tied to a dispatch system (ServiceTitan, FieldEdge, Housecall Pro), so I'm guessing calls, texts and the board are still stitched together by hand.

Master Plan runs books and advisory for trades, and now handles website Care and AI ops (missed-call text-back, booking, review follow-up) for the same shops.

Worth a 15-minute look? I can send a one-page punch list for Bryan Casey Construction LLC first. No charge, no obligation.

[Master Plan rep sign-off: send from Master Plan domain, not as Jeff]
[Physical address + opt-out line required before any send (CAN-SPAM)]","""Hi, is this the owner? It's [name] with Master Plan in Kansas City. We work with gc shops on the back office and the ops side. Quick one: I didn't see online scheduling tied to a dispatch system (ServiceTitan, FieldEdge, Housecall Pro), so I'm guessing calls, texts and the board are still stitched together by hand. Who handles your scheduling and missed calls?""",no FSM widget/booking link found publicly,DRAFT - not sent
Zoom Drain KC,KC,Plumbing,B,75,,(816) 693-2700,,Zoom Drain KC: quick ops note,"Hi Zoom Drain KC team,

I was looking at Zoom Drain KC in Kansas City. Two things stood out: I didn't see online scheduling tied to a dispatch system (ServiceTitan, FieldEdge, Housecall Pro), so I'm guessing calls, texts and the board are still stitched together by hand.

Master Plan runs books and advisory for trades, and now handles website Care and AI ops (missed-call text-back, booking, review follow-up) for the same shops.

Worth a 15-minute look? I can send a one-page punch list for Zoom Drain KC first. No charge, no obligation.

[Master Plan rep sign-off: send from Master Plan domain, not as Jeff]
[Physical address + opt-out line required before any send (CAN-SPAM)]","""Hi, is this the owner? It's [name] with Master Plan in Kansas City. We work with plumbing shops on the back office and the ops side. Quick one: I didn't see online scheduling tied to a dispatch system (ServiceTitan, FieldEdge, Housecall Pro), so I'm guessing calls, texts and the board are still stitched together by hand. Who handles your scheduling and missed calls?""",no FSM widget/booking link found publicly,DRAFT - not sent
Garcia Roofing Kansas City,KC,Roofing,B,75,,(816) 286-7387,,Garcia Roofing Kansas City: quick ops note,"Hi Garcia Roofing Kansas City team,

I was looking at Garcia Roofing Kansas City in Kansas City. Two things stood out: I didn't see online scheduling tied to a dispatch system (ServiceTitan, FieldEdge, Housecall Pro), so I'm guessing calls, texts and the board are still stitched together by hand.

Master Plan runs books and advisory for trades, and now handles website Care and AI ops (missed-call text-back, booking, review follow-up) for the same shops.

Worth a 15-minute look? I can send a one-page punch list for Garcia Roofing Kansas City first. No charge, no obligation.

[Master Plan rep sign-off: send from Master Plan domain, not as Jeff]
[Physical address + opt-out line required before any send (CAN-SPAM)]","""Hi, is this the owner? It's [name] with Master Plan in Kansas City. We work with roofing shops on the back office and the ops side. Quick one: I didn't see online scheduling tied to a dispatch system (ServiceTitan, FieldEdge, Housecall Pro), so I'm guessing calls, texts and the board are still stitched together by hand. Who handles your scheduling and missed calls?""",no FSM widget/booking link found publicly,DRAFT - not sent
Homoly Design + Build,KC,GC,B,75,,(816) 340-6675,,Homoly Design + Build: quick ops note,"Hi Homoly Design + Build team,

I was looking at Homoly Design + Build in Kansas City. Two things stood out: I didn't see online scheduling tied to a dispatch system (ServiceTitan, FieldEdge, Housecall Pro), so I'm guessing calls, texts and the board are still stitched together by hand.

Master Plan runs books and advisory for trades, and now handles website Care and AI ops (missed-call text-back, booking, review follow-up) for the same shops.

Worth a 15-minute look? I can send a one-page punch list for Homoly Design + Build first. No charge, no obligation.

[Master Plan rep sign-off: send from Master Plan domain, not as Jeff]
[Physical address + opt-out line required before any send (CAN-SPAM)]","""Hi, is this the owner? It's [name] with Master Plan in Kansas City. We work with gc shops on the back office and the ops side. Quick one: I didn't see online scheduling tied to a dispatch system (ServiceTitan, FieldEdge, Housecall Pro), so I'm guessing calls, texts and the board are still stitched together by hand. Who handles your scheduling and missed calls?""",no FSM widget/booking link found publicly,DRAFT - not sent
PlumbWorks LLC,KC,Plumbing,B,75,,(816) 518-8685,,PlumbWorks LLC: quick ops note,"Hi PlumbWorks LLC team,

I was looking at PlumbWorks LLC in Kansas City. Two things stood out: I didn't see online scheduling tied to a dispatch system (ServiceTitan, FieldEdge, Housecall Pro), so I'm guessing calls, texts and the board are still stitched together by hand.

Master Plan runs books and advisory for trades, and now handles website Care and AI ops (missed-call text-back, booking, review follow-up) for the same shops.

Worth a 15-minute look? I can send a one-page punch list for PlumbWorks LLC first. No charge, no obligation.

[Master Plan rep sign-off: send from Master Plan domain, not as Jeff]
[Physical address + opt-out line required before any send (CAN-SPAM)]","""Hi, is this the owner? It's [name] with Master Plan in Kansas City. We work with plumbing shops on the back office and the ops side. Quick one: I didn't see online scheduling tied to a dispatch system (ServiceTitan, FieldEdge, Housecall Pro), so I'm guessing calls, texts and the board are still stitched together by hand. Who handles your scheduling and missed calls?""",no FSM widget/booking link found publicly,DRAFT - not sent
Farha Roofing,KC,Roofing,B,75,,(816) 828-1506,,Farha Roofing: quick ops note,"Hi Farha Roofing team,

I was looking at Farha Roofing in Kansas City. Two things stood out: I didn't see online scheduling tied to a dispatch system (ServiceTitan, FieldEdge, Housecall Pro), so I'm guessing calls, texts and the board are still stitched together by hand.

Master Plan runs books and advisory for trades, and now handles website Care and AI ops (missed-call text-back, booking, review follow-up) for the same shops.

Worth a 15-minute look? I can send a one-page punch list for Farha Roofing first. No charge, no obligation.

[Master Plan rep sign-off: send from Master Plan domain, not as Jeff]
[Physical address + opt-out line required before any send (CAN-SPAM)]","""Hi, is this the owner? It's [name] with Master Plan in Kansas City. We work with roofing shops on the back office and the ops side. Quick one: I didn't see online scheduling tied to a dispatch system (ServiceTitan, FieldEdge, Housecall Pro), so I'm guessing calls, texts and the board are still stitched together by hand. Who handles your scheduling and missed calls?""",no FSM widget/booking link found publicly,DRAFT - not sent
Cornerstone Construction Services,KC,GC,B,75,mitch.hazen@outlook.com,(913) 839-3002,Mitch Hazen,Cornerstone Construction Services: quick ops note,"Hi Mitch,

I was looking at Cornerstone Construction Services in Overland Park. Two things stood out: I didn't see online scheduling tied to a dispatch system (ServiceTitan, FieldEdge, Housecall Pro), so I'm guessing calls, texts and the board are still stitched together by hand.

Master Plan runs books and advisory for trades, and now handles website Care and AI ops (missed-call text-back, booking, review follow-up) for the same shops.

Worth a 15-minute look? I can send a one-page punch list for Cornerstone Construction Services first. No charge, no obligation.

[Master Plan rep sign-off: send from Master Plan domain, not as Jeff]
[Physical address + opt-out line required before any send (CAN-SPAM)]","""Hi, is this Mitch? It's [name] with Master Plan in Kansas City. We work with gc shops on the back office and the ops side. Quick one: I didn't see online scheduling tied to a dispatch system (ServiceTitan, FieldEdge, Housecall Pro), so I'm guessing calls, texts and the board are still stitched together by hand. Who handles your scheduling and missed calls?""",no FSM widget/booking link found publicly,DRAFT - not sent
KC Sunshine Services,KC,Plumbing,B,75,,(913) 933-6233,,KC Sunshine Services: quick ops note,"Hi KC Sunshine Services team,

I was looking at KC Sunshine Services in Kansas City. Two things stood out: I didn't see online scheduling tied to a dispatch system (ServiceTitan, FieldEdge, Housecall Pro), so I'm guessing calls, texts and the board are still stitched together by hand.

Master Plan runs books and advisory for trades, and now handles website Care and AI ops (missed-call text-back, booking, review follow-up) for the same shops.

Worth a 15-minute look? I can send a one-page punch list for KC Sunshine Services first. No charge, no obligation.

[Master Plan rep sign-off: send from Master Plan domain, not as Jeff]
[Physical address + opt-out line required before any send (CAN-SPAM)]","""Hi, is this the owner? It's [name] with Master Plan in Kansas City. We work with plumbing shops on the back office and the ops side. Quick one: I didn't see online scheduling tied to a dispatch system (ServiceTitan, FieldEdge, Housecall Pro), so I'm guessing calls, texts and the board are still stitched together by hand. Who handles your scheduling and missed calls?""",no FSM widget/booking link found publicly,DRAFT - not sent
Royal Roofing & Solar,KC,Roofing,B,75,,(816) 540-7057,,Royal Roofing & Solar: quick ops note,"Hi Royal Roofing & Solar team,

I was looking at Royal Roofing & Solar in Kansas City. Two things stood out: I didn't see online scheduling tied to a dispatch system (ServiceTitan, FieldEdge, Housecall Pro), so I'm guessing calls, texts and the board are still stitched together by hand.

Master Plan runs books and advisory for trades, and now handles website Care and AI ops (missed-call text-back, booking, review follow-up) for the same shops.

Worth a 15-minute look? I can send a one-page punch list for Royal Roofing & Solar first. No charge, no obligation.

[Master Plan rep sign-off: send from Master Plan domain, not as Jeff]
[Physical address + opt-out line required before any send (CAN-SPAM)]","""Hi, is this the owner? It's [name] with Master Plan in Kansas City. We work with roofing shops on the back office and the ops side. Quick one: I didn't see online scheduling tied to a dispatch system (ServiceTitan, FieldEdge, Housecall Pro), so I'm guessing calls, texts and the board are still stitched together by hand. Who handles your scheduling and missed calls?""",no FSM widget/booking link found publicly,DRAFT - not sent
Climate Doctors,DFW,GC,B,75,,(214) 972-1501,,Climate Doctors: quick ops note,"Hi Climate Doctors team,

I was looking at Climate Doctors in Richardson. Two things stood out: I didn't see online scheduling tied to a dispatch system (ServiceTitan, FieldEdge, Housecall Pro), so I'm guessing calls, texts and the board are still stitched together by hand.

Master Plan runs books and advisory for trades, and now handles website Care and AI ops (missed-call text-back, booking, review follow-up) for the same shops.

Worth a 15-minute look? I can send a one-page punch list for Climate Doctors first. No charge, no obligation.

[Master Plan rep sign-off: send from Master Plan domain, not as Jeff]
[Physical address + opt-out line required before any send (CAN-SPAM)]","""Hi, is this the owner? It's [name] with Master Plan in Dallas. We work with gc shops on the back office and the ops side. Quick one: I didn't see online scheduling tied to a dispatch system (ServiceTitan, FieldEdge, Housecall Pro), so I'm guessing calls, texts and the board are still stitched together by hand. Who handles your scheduling and missed calls?""",no FSM widget/booking link found publicly,DRAFT - not sent
Passion Lighting,DFW,GC,B,75,,(817) 310-3261,,Passion Lighting: quick ops note,"Hi Passion Lighting team,

I was looking at Passion Lighting in Grapevine. Two things stood out: I didn't see online scheduling tied to a dispatch system (ServiceTitan, FieldEdge, Housecall Pro), so I'm guessing calls, texts and the board are still stitched together by hand.

Master Plan runs books and advisory for trades, and now handles website Care and AI ops (missed-call text-back, booking, review follow-up) for the same shops.

Worth a 15-minute look? I can send a one-page punch list for Passion Lighting first. No charge, no obligation.

[Master Plan rep sign-off: send from Master Plan domain, not as Jeff]
[Physical address + opt-out line required before any send (CAN-SPAM)]","""Hi, is this the owner? It's [name] with Master Plan in Dallas. We work with gc shops on the back office and the ops side. Quick one: I didn't see online scheduling tied to a dispatch system (ServiceTitan, FieldEdge, Housecall Pro), so I'm guessing calls, texts and the board are still stitched together by hand. Who handles your scheduling and missed calls?""",no FSM widget/booking link found publicly,DRAFT - not sent
DFW Superior Drywall Pros of Fort Worth,DFW,GC,B,75,,(817) 383-0427,,DFW Superior Drywall Pros of Fort Worth: quick ops note,"Hi DFW Superior Drywall Pros of Fort Worth team,

I was looking at DFW Superior Drywall Pros of Fort Worth in Fort Worth. Two things stood out: I didn't see online scheduling tied to a dispatch system (ServiceTitan, FieldEdge, Housecall Pro), so I'm guessing calls, texts and the board are still stitched together by hand.

Master Plan runs books and advisory for trades, and now handles website Care and AI ops (missed-call text-back, booking, review follow-up) for the same shops.

Worth a 15-minute look? I can send a one-page punch list for DFW Superior Drywall Pros of Fort Worth first. No charge, no obligation.

[Master Plan rep sign-off: send from Master Plan domain, not as Jeff]
[Physical address + opt-out line required before any send (CAN-SPAM)]","""Hi, is this the owner? It's [name] with Master Plan in Dallas. We work with gc shops on the back office and the ops side. Quick one: I didn't see online scheduling tied to a dispatch system (ServiceTitan, FieldEdge, Housecall Pro), so I'm guessing calls, texts and the board are still stitched together by hand. Who handles your scheduling and missed calls?""",no FSM widget/booking link found publicly,DRAFT - not sent
Plumb Shield Plumbing,DFW,Plumbing,B,75,,(817) 773-7966,,Plumb Shield Plumbing: quick ops note,"Hi Plumb Shield Plumbing team,

I was looking at Plumb Shield Plumbing in Fort Worth. Two things stood out: I didn't see online scheduling tied to a dispatch system (ServiceTitan, FieldEdge, Housecall Pro), so I'm guessing calls, texts and the board are still stitched together by hand.

Master Plan runs books and advisory for trades, and now handles website Care and AI ops (missed-call text-back, booking, review follow-up) for the same shops.

Worth a 15-minute look? I can send a one-page punch list for Plumb Shield Plumbing first. No charge, no obligation.

[Master Plan rep sign-off: send from Master Plan domain, not as Jeff]
[Physical address + opt-out line required before any send (CAN-SPAM)]","""Hi, is this the owner? It's [name] with Master Plan in Dallas. We work with plumbing shops on the back office and the ops side. Quick one: I didn't see online scheduling tied to a dispatch system (ServiceTitan, FieldEdge, Housecall Pro), so I'm guessing calls, texts and the board are still stitched together by hand. Who handles your scheduling and missed calls?""",no FSM widget/booking link found publicly,DRAFT - not sent
Ace Handyman Services Collin County,DFW,GC,B,75,,(214) 305-8223,,Ace Handyman Services Collin County: quick ops note,"Hi Ace Handyman Services Collin County team,

I was looking at Ace Handyman Services Collin County in Plano. Two things stood out: I didn't see online scheduling tied to a dispatch system (ServiceTitan, FieldEdge, Housecall Pro), so I'm guessing calls, texts and the board are still stitched together by hand.

Master Plan runs books and advisory for trades, and now handles website Care and AI ops (missed-call text-back, booking, review follow-up) for the same shops.

Worth a 15-minute look? I can send a one-page punch list for Ace Handyman Services Collin County first. No charge, no obligation.

[Master Plan rep sign-off: send from Master Plan domain, not as Jeff]
[Physical address + opt-out line required before any send (CAN-SPAM)]","""Hi, is this the owner? It's [name] with Master Plan in Dallas. We work with gc shops on the back office and the ops side. Quick one: I didn't see online scheduling tied to a dispatch system (ServiceTitan, FieldEdge, Housecall Pro), so I'm guessing calls, texts and the board are still stitched together by hand. Who handles your scheduling and missed calls?""",no FSM widget/booking link found publicly,DRAFT - not sent
Plumb Shield Plumbing,DFW,Plumbing,B,75,,(817) 773-7966,,Plumb Shield Plumbing: quick ops note,"Hi Plumb Shield Plumbing team,

I was looking at Plumb Shield Plumbing in Fort Worth. Two things stood out: I didn't see online scheduling tied to a dispatch system (ServiceTitan, FieldEdge, Housecall Pro), so I'm guessing calls, texts and the board are still stitched together by hand.

Master Plan runs books and advisory for trades, and now handles website Care and AI ops (missed-call text-back, booking, review follow-up) for the same shops.

Worth a 15-minute look? I can send a one-page punch list for Plumb Shield Plumbing first. No charge, no obligation.

[Master Plan rep sign-off: send from Master Plan domain, not as Jeff]
[Physical address + opt-out line required before any send (CAN-SPAM)]","""Hi, is this the owner? It's [name] with Master Plan in Dallas. We work with plumbing shops on the back office and the ops side. Quick one: I didn't see online scheduling tied to a dispatch system (ServiceTitan, FieldEdge, Housecall Pro), so I'm guessing calls, texts and the board are still stitched together by hand. Who handles your scheduling and missed calls?""",no FSM widget/booking link found publicly,DRAFT - not sent
API Contracting & Remodeling,DFW,GC,B,75,,(214) 751-8793,,API Contracting & Remodeling: quick ops note,"Hi API Contracting & Remodeling team,

I was looking at API Contracting & Remodeling in Arlington. Two things stood out: I didn't see online scheduling tied to a dispatch system (ServiceTitan, FieldEdge, Housecall Pro), so I'm guessing calls, texts and the board are still stitched together by hand.

Master Plan runs books and advisory for trades, and now handles website Care and AI ops (missed-call text-back, booking, review follow-up) for the same shops.

Worth a 15-minute look? I can send a one-page punch list for API Contracting & Remodeling first. No charge, no obligation.

[Master Plan rep sign-off: send from Master Plan domain, not as Jeff]
[Physical address + opt-out line required before any send (CAN-SPAM)]","""Hi, is this the owner? It's [name] with Master Plan in Dallas. We work with gc shops on the back office and the ops side. Quick one: I didn't see online scheduling tied to a dispatch system (ServiceTitan, FieldEdge, Housecall Pro), so I'm guessing calls, texts and the board are still stitched together by hand. Who handles your scheduling and missed calls?""",no FSM widget/booking link found publicly,DRAFT - not sent
ABC Plumbing,DFW,Plumbing,B,75,,(817) 427-3222,,ABC Plumbing: quick ops note,"Hi ABC Plumbing team,

I was looking at ABC Plumbing in Watauga. Two things stood out: I didn't see online scheduling tied to a dispatch system (ServiceTitan, FieldEdge, Housecall Pro), so I'm guessing calls, texts and the board are still stitched together by hand.

Master Plan runs books and advisory for trades, and now handles website Care and AI ops (missed-call text-back, booking, review follow-up) for the same shops.

Worth a 15-minute look? I can send a one-page punch list for ABC Plumbing first. No charge, no obligation.

[Master Plan rep sign-off: send from Master Plan domain, not as Jeff]
[Physical address + opt-out line required before any send (CAN-SPAM)]","""Hi, is this the owner? It's [name] with Master Plan in Dallas. We work with plumbing shops on the back office and the ops side. Quick one: I didn't see online scheduling tied to a dispatch system (ServiceTitan, FieldEdge, Housecall Pro), so I'm guessing calls, texts and the board are still stitched together by hand. Who handles your scheduling and missed calls?""",no FSM widget/booking link found publicly,DRAFT - not sent
Pure Light Electric LLC,KC,Electrical,B,74,info@purelightelectric.com,(913) 278-6049,,Pure Light Electric LLC: quick ops note,"Hi Pure Light Electric LLC team,

I was looking at Pure Light Electric LLC in Kansas City. Two things stood out: I didn't see online scheduling tied to a dispatch system (ServiceTitan, FieldEdge, Housecall Pro), so I'm guessing calls, texts and the board are still stitched together by hand.

Master Plan runs books and advisory for trades, and now handles website Care and AI ops (missed-call text-back, booking, review follow-up) for the same shops.

Worth a 15-minute look? I can send a one-page punch list for Pure Light Electric LLC first. No charge, no obligation.

[Master Plan rep sign-off: send from Master Plan domain, not as Jeff]
[Physical address + opt-out line required before any send (CAN-SPAM)]","""Hi, is this the owner? It's [name] with Master Plan in Kansas City. We work with electrical shops on the back office and the ops side. Quick one: I didn't see online scheduling tied to a dispatch system (ServiceTitan, FieldEdge, Housecall Pro), so I'm guessing calls, texts and the board are still stitched together by hand. Who handles your scheduling and missed calls?""",no FSM widget/booking link found publicly,DRAFT - not sent
Amped KC,KC,Electrical,B,74,info@ampedkc.com,(913) 800-1719,,Amped KC: quick ops note,"Hi Amped KC team,

I was looking at Amped KC in Olathe. Two things stood out: I didn't see online scheduling tied to a dispatch system (ServiceTitan, FieldEdge, Housecall Pro), so I'm guessing calls, texts and the board are still stitched together by hand.

Master Plan runs books and advisory for trades, and now handles website Care and AI ops (missed-call text-back, booking, review follow-up) for the same shops.

Worth a 15-minute look? I can send a one-page punch list for Amped KC first. No charge, no obligation.

[Master Plan rep sign-off: send from Master Plan domain, not as Jeff]
[Physical address + opt-out line required before any send (CAN-SPAM)]","""Hi, is this the owner? It's [name] with Master Plan in Kansas City. We work with electrical shops on the back office and the ops side. Quick one: I didn't see online scheduling tied to a dispatch system (ServiceTitan, FieldEdge, Housecall Pro), so I'm guessing calls, texts and the board are still stitched together by hand. Who handles your scheduling and missed calls?""",no FSM widget/booking link found publicly,DRAFT - not sent
Freedom Electrical Services LLC,KC,Electrical,B,72,,(816) 562-2622,,Freedom Electrical Services LLC: quick ops note,"Hi Freedom Electrical Services LLC team,

I was looking at Freedom Electrical Services LLC in Excelsior Springs. Two things stood out: I couldn't find a way to book or request a quote online on your site. After-hours visitors usually just leave; and on a phone, your number isn't tap-to-call.

Master Plan runs books and advisory for trades, and now handles website Care and AI ops (missed-call text-back, booking, review follow-up) for the same shops.

Worth a 15-minute look? I can send a one-page punch list for Freedom Electrical Services LLC first. No charge, no obligation.

[Master Plan rep sign-off: send from Master Plan domain, not as Jeff]
[Physical address + opt-out line required before any send (CAN-SPAM)]","""Hi, is this the owner? It's [name] with Master Plan in Kansas City. We work with electrical shops on the back office and the ops side. Quick one: I couldn't find a way to book or request a quote online on your site. After-hours visitors usually just leave. Who handles your scheduling and missed calls?""",no booking/quote CTA on home/contact pages; no tel: link on homepage; no FSM widget/booking link found publicly,DRAFT - not sent
Armitage Electric Co,KC,Electrical,B,71,,(816) 231-8277,,Armitage Electric Co: quick ops note,"Hi Armitage Electric Co team,

I was looking at Armitage Electric Co in Kansas City. Two things stood out: your Google profile doesn't link to a website, so every search click has nowhere to land except a phone call; and I didn't see online scheduling tied to a dispatch system (ServiceTitan, FieldEdge, Housecall Pro), so I'm guessing calls, texts and the board are still stitched together by hand.

Master Plan runs books and advisory for trades, and now handles website Care and AI ops (missed-call text-back, booking, review follow-up) for the same shops.

Worth a 15-minute look? I can send a one-page punch list for Armitage Electric Co first. No charge, no obligation.

[Master Plan rep sign-off: send from Master Plan domain, not as Jeff]
[Physical address + opt-out line required before any send (CAN-SPAM)]","""Hi, is this the owner? It's [name] with Master Plan in Kansas City. We work with electrical shops on the back office and the ops side. Quick one: your Google profile doesn't link to a website, so every search click has nowhere to land except a phone call. Who handles your scheduling and missed calls?""",GBP has no website field; no FSM widget/booking link found publicly,DRAFT - not sent
