company_name,metro,vertical,city,state,website,phone,email,contact_name,contact_title,employee_band,ops_stack_hint,site_quality_notes,score,tier,source_url,scraped_at,notes
B&C Quality General Contractors,DFW,Roofing,Carrollton,TX,http://www.bncqualityroofs.com/,(469) 226-9198,office@bncquality.com,,,5-25 (hyp.),no FSM detected publicly,no click-to-call; no schema markup; weak/missing title; stale footer ©2024; heavy page,88,A,https://www.google.com/maps/place/?q=place_id:ChIJg6bq7BsmTIYRMZ_F09aab18,2026-09-28T14:56:35Z,email=published on company website; rating 5 / 117 reviews; GBP categories: Roofing contractor | Bathroom remodeler | Dry wall contractor | Flooring contractor | General contractor | Insulation contractor | Kitchen remodeler | Painting | Siding contractor
The Plumbing Pro Inc.,KC,Plumbing,Grandview,MO,https://theplumbingpro.com/,(816) 763-8200,,,,5-25 (hyp.),no FSM detected publicly,no mobile viewport; no click-to-call; no schema markup; weak/missing title; no meta description; no online booking/quote CTA,86,A,https://www.google.com/maps/place/?q=place_id:ChIJj-UKtl_dwIcR_vOXqq4HLKA,2026-09-28T14:45:59Z,rating 4.8 / 256 reviews; GBP categories: Plumber
DRIP Plumbing,DFW,Plumbing,Denton,TX,https://dripplumbingntx.com/,(940) 222-7297,,,,5-25 (hyp.),no FSM detected publicly,no mobile viewport; no click-to-call; no schema markup; weak/missing title; no meta description; no online booking/quote CTA,86,A,https://www.google.com/maps/place/?q=place_id:ChIJmdQk54HLTYYRKhcvuiLL9pE,2026-09-28T14:53:05Z,rating 4.9 / 103 reviews; GBP categories: Plumber | Bathroom remodeler | Drainage service | Gasfitter | Hot water system supplier | Kitchen remodeler | Water filter supplier | Water softening equipment supplier
NSW Electrical Maintenance Inc,DFW,Electrical,Frisco,TX,http://www.nsw-electrical.com/,(469) 880-0838,info@nswelectrical.com,Jason Liu,CEO (per company website),5-25 (hyp.),no FSM detected publicly; CMS: WordPress,weak/missing title; no meta description; no online booking/quote CTA,85,A,https://www.google.com/maps/place/?q=place_id:ChIJ15pkNeI_TIYRrkowKDEsNWw,2026-09-28T14:54:19Z,contact=named on company website; email=published on company website; rating 5 / 260 reviews; GBP categories: Electrician | Service establishment
DOWNSHIFT-HVAC-R,DFW,HVAC,Mansfield,TX,https://www.downshift-hvac-r.com/,(817) 727-2901,info@downshift-hvac-r.com,Steven Lee Johnson,"License holder, TDLR A/C Contractor #153056",15-60 (hyp.),no FSM detected publicly; GBP booking link,no click-to-call; no schema markup; no meta description,85,A,https://www.google.com/maps/place/?q=place_id:ChIJU9w6Hs4m6QURbj3DXkWK5Ks,2026-09-28T14:52:02Z,contact=TDLR public license record; email=published on company website; rating 5 / 793 reviews; GBP categories: HVAC contractor | Air conditioning contractor | Air conditioning store | Air conditioning system supplier | Contractor | Furnace repair service | Heating contractor | Heating equipment supplier | Air conditioning repair service
Jenkins Roofing and Construction,DFW,Roofing,Arlington,TX,http://www.jenkinsroofing.com/,(817) 886-6710,arial@jenkinsroofing.com,Todd Jenkins,President (per company website),5-25 (hyp.),no FSM detected publicly; GBP booking link; CMS: WordPress/GoDaddy Builder,no click-to-call; no schema markup; no meta description,85,A,https://www.google.com/maps/place/?q=place_id:ChIJZeqfKWGGToYRGPT-Nqx5H6I,2026-09-28T14:55:51Z,contact=named on company website; email=published on company website; rating 4.9 / 128 reviews; GBP categories: Roofing contractor
Nisat Electric,DFW,Electrical,Frisco,TX,http://www.nisatelectric.com/,(214) 536-5555,,,,5-25 (hyp.),no FSM detected publicly,no HTTPS; no click-to-call; no schema markup; stale footer ©2008; no online booking/quote CTA,83,A,https://www.google.com/maps/place/?q=place_id:ChIJ062TWqEVTIYRDtrjSaKiRDM,2026-09-28T14:54:19Z,rating 4.8 / 249 reviews; GBP categories: Electrician | Service establishment
Hearthstone Heat and Air,DFW,HVAC,Plano,TX,http://hearthstoneheatandair.com/,(972) 200-0693,matt@hearthstoneheatandair.com,Matthew Robert Bruner,"License holder, TDLR A/C Contractor #128139",5-25 (hyp.),no FSM detected publicly; CMS: Squarespace,no online booking/quote CTA; heavy page,82,A,https://www.google.com/maps/place/?q=place_id:ChIJNYzniikZTIYRiXUzwV6-NtQ,2026-09-28T14:50:48Z,contact=TDLR public license record; email=published on company website; rating 5 / 109 reviews; GBP categories: Air conditioning contractor
SuperiAir LLC,DFW,HVAC,McKinney,TX,http://www.superiairdfw.com/,(214) 771-9436,superiairdfw@gmail.com,Walter Douglas Pinckney Sr,"License holder, TDLR A/C Contractor #88674",5-25 (hyp.),no FSM detected publicly; CMS: WordPress,no meta description; stale footer ©2021,82,A,https://www.google.com/maps/place/?q=place_id:ChIJp9d39xgTTIYRdIA6Q8GtptY,2026-09-28T14:51:09Z,contact=TDLR public license record; email=published on company website; rating 4.9 / 192 reviews; GBP categories: Air conditioning contractor | Air conditioning repair service | Air conditioning system supplier | Air duct cleaning service | Air filter supplier | Commercial refrigerator supplier | Heating contractor | Heating equipment supplier
NTX Air Pro,DFW,HVAC,Garland,TX,https://ntxairpro.com/contact/,(469) 363-1478,ntxairpro@gmail.com,Khoi Kim Nguyen,"License holder, TDLR A/C Contractor #101542",5-25 (hyp.),no FSM detected publicly; CMS: WordPress,no schema markup; no meta description,82,A,https://www.google.com/maps/place/?q=place_id:ChIJq6ruKp4dTIYRxGavSfzLmLs,2026-09-28T14:51:23Z,contact=TDLR public license record; email=published on company website; rating 5 / 136 reviews; GBP categories: Air conditioning contractor | Air conditioning repair service | Heating contractor
Reddy Electric,KC,Electrical,Olathe,KS,http://www.reddyelectrickc.com/#cid=glbc,(913) 764-0840,info@reddyelectrickc.com,Ed Davey,President (per company website),3-10 (hyp.),no FSM detected publicly,no HTTPS; no mobile viewport; no click-to-call; no schema markup; no meta description; stale footer ©2007; no online booking/quote CTA,81,A,https://www.google.com/maps/place/?q=place_id:ChIJA3HWbSy8wIcRvnXfeqD3Cdw,2026-09-28T14:47:18Z,contact=named on company website; email=published on company website; rating 4.9 / 19 reviews; GBP categories: Electrician
Fox Electric Ltd,DFW,Electrical,Arlington,TX,http://www.foxelectric.com/,(817) 461-2571,info@foxelectric.com,,,5-25 (hyp.),no FSM detected publicly; CMS: WordPress/GoDaddy Builder,no schema markup; no meta description; stale footer ©2023; no online booking/quote CTA,81,A,https://www.google.com/maps/place/?q=place_id:ChIJ3xDKMjJ9ToYRaKEoMFa60co,2026-09-28T14:54:10Z,email=published on company website; rating 4.1 / 104 reviews; GBP categories: Electrician
"BALBOA Restoration & Renovation, LLC",KC,GC,Olathe,KS,http://www.balboakc.com/,(913) 215-3738,service@balboakc.com,,,3-10 (hyp.),no FSM detected publicly; mkt: Angi/HomeAdvisor; CMS: WordPress,no HTTPS; no schema markup; weak/missing title; no meta description; stale footer ©2020,80,A,https://www.google.com/maps/place/?q=place_id:ChIJIUmNcS--wIcRKhFREwXCT-8,2026-09-28T14:48:31Z,email=published on company website; rating 5 / 49 reviews; GBP categories: Contractor
KC HVAC Savers,KC,HVAC,Lenexa,KS,https://kchvacsavers.com/,(913) 388-0575,support@kchvacsavers.com,,,5-25 (hyp.),no FSM detected publicly; GBP booking link; mkt: Angi/HomeAdvisor/Chat widget; CMS: WordPress,no schema markup; weak/missing title; no meta description,80,A,https://www.google.com/maps/place/?q=place_id:ChIJlwBeAL5XYiURN7j9OKrh5AY,2026-09-28T14:44:59Z,email=published on company website; rating 5 / 139 reviews; GBP categories: HVAC contractor | Air conditioning contractor | Air conditioning repair service | Furnace repair service
Martanne Construction,KC,GC,Overland Park,KS,http://www.martanneconstruction.com/,(913) 484-1299,info@martanneconstruction.com,,,5-25 (hyp.),no FSM detected publicly; CMS: Squarespace,no click-to-call; no online booking/quote CTA; heavy page,80,A,https://www.google.com/maps/place/?q=place_id:ChIJTXq2qWbLwIcRnW38l_UzvfE,2026-09-28T14:49:31Z,email=published on company website; rating 4.9 / 373 reviews; GBP categories: General contractor | Bathroom remodeler | Kitchen remodeler
Legacy Service Company Inc,KC,HVAC,Olathe,KS,http://www.legacyserviceco.com/,(913) 800-9888,dispatch@legacyserviceco.com,,,5-25 (hyp.),no FSM detected publicly; CMS: WordPress,no click-to-call; no schema markup; no meta description,80,A,https://www.google.com/maps/place/?q=place_id:ChIJoc2vRLvrBKsRvXMCCEROs-0,2026-09-28T14:45:04Z,email=published on company website; rating 4.6 / 293 reviews; GBP categories: HVAC contractor | Service establishment
CH n CH Construction,DFW,GC,Arlington,TX,https://www.chnchconstruction.com/,(817) 689-9431,info@chnchconstruction.com,,,5-25 (hyp.),no FSM detected publicly,no schema markup; stale footer ©2019; no online booking/quote CTA,80,A,https://www.google.com/maps/place/?q=place_id:ChIJ6TyycgF9ToYRZ9v615l3tis,2026-09-28T14:57:33Z,email=published on company website; rating 4.8 / 278 reviews; GBP categories: Kitchen remodeler | Bathroom remodeler | Countertop store | Lighting store | Painter | Tile contractor
Terrace Outdoor Design,DFW,GC,Frisco,TX,https://terraceoutdoordesign.com/,(972) 521-3998,,Collin Jarrell,Founder (per company website),5-25 (hyp.),no FSM detected publicly; GBP booking link,no click-to-call; no schema markup; no online booking/quote CTA,80,A,https://www.google.com/maps/place/?q=place_id:ChIJn-t954FJTGARMTIeKjp4viQ,2026-09-28T14:57:42Z,contact=named on company website; rating 5 / 142 reviews; GBP categories: Contractor | Construction company
Good Fellas Plumbing & Leak Detection,DFW,Plumbing,Mansfield,TX,http://www.goodfellasplumbingservices.com/,(972) 310-4938,,Chris Jaramillo,Owner (per company website),5-25 (hyp.),no FSM detected publicly; CMS: WordPress,no click-to-call; no schema markup; weak/missing title; no meta description; no online booking/quote CTA,80,A,https://www.google.com/maps/place/?q=place_id:ChIJN-Zg7oZj54kR9FnjkhO5I08,2026-09-28T14:53:45Z,contact=named on company website; rating 5 / 91 reviews; GBP categories: Plumber | Service establishment
The Handy Man,DFW,GC,Corinth,TX,https://www.thehandyman.buzz/,(469) 918-0672,bradley@thehandyman.buzz,,,5-25 (hyp.),no FSM detected publicly,no click-to-call; no schema markup; no meta description,80,A,https://www.google.com/maps/place/?q=place_id:ChIJsyuZwMvVF6cRGK0Bcnm0o4A,2026-09-28T14:58:08Z,email=published on company website; rating 4.7 / 162 reviews; GBP categories: Handyman/Handywoman/Handyperson | Contractor | Remodeler
Fort Tex Metals & Roofing,DFW,Roofing,Fort Worth,TX,https://ftmandroofing.com/,(682) 313-4066,alfonso@ftmandroofing.com,,,5-25 (hyp.),no FSM detected publicly; GBP booking link; CMS: WordPress/Squarespace,no click-to-call; no online booking/quote CTA; heavy page,80,A,https://www.google.com/maps/place/?q=place_id:ChIJLfOvQjZtToYRNtBRiPY-sBA,2026-09-28T14:55:40Z,email=published on company website; rating 5 / 189 reviews; GBP categories: Roofing contractor | Fence contractor | Gutter cleaning service | Gutter service | Painter | Solar energy system service
Texas Style Roofing and Remodeling,DFW,Roofing,Arlington,TX,http://texasstyleroofing.com/,(682) 306-9519,webmaster@texasstyleroofing.com,,,5-25 (hyp.),no FSM detected publicly,no HTTPS; no click-to-call; no schema markup; no meta description; no online booking/quote CTA,80,A,https://www.google.com/maps/place/?q=place_id:ChIJgU5sjWpjToYR0AIq6TKeNp4,2026-09-28T14:55:54Z,email=published on company website; rating 4.9 / 62 reviews; GBP categories: Roofing contractor
Fort Worth Air Conditioning Co. Inc.,DFW,HVAC,Fort Worth,TX,https://fortworth-air.com/,(817) 367-6000,,Olan A Pewitt,"License holder, TDLR A/C Contractor #23521",15-60 (hyp.),no FSM detected publicly,site behind bot-wall (not assessed),80,A,https://www.google.com/maps/place/?q=place_id:ChIJ0448j4QMToYRPa-ngQizuzA,2026-09-28T14:50:43Z,contact=TDLR public license record; rating 4.9 / 505 reviews; GBP categories: HVAC contractor | Air conditioning contractor | Air conditioning system supplier | Air duct cleaning service | Furnace repair service | Heating contractor | Heating equipment supplier | Home improvement store | Air conditioning repair service
Fort Worth Heat and Air,DFW,HVAC,Fort Worth,TX,https://www.fortworthheatandair.com/,(817) 800-0340,,Greg T George,"License holder, TDLR A/C Contractor #54416",5-25 (hyp.),no FSM detected publicly; GBP booking link,site behind bot-wall (not assessed),80,A,https://www.google.com/maps/place/?q=place_id:ChIJ___sJchwToYRidBcVaED-10,2026-09-28T14:50:43Z,contact=TDLR public license record; rating 4.8 / 107 reviews; GBP categories: Air conditioning contractor
On The Spot HVAC,DFW,HVAC,Allen,TX,https://onthespothvac.com/,(214) 831-8138,,Bao Quoc Pham,"License holder, TDLR A/C Contractor #87658",15-60 (hyp.),no FSM detected publicly; GBP booking link,site behind bot-wall (not assessed),80,A,https://www.google.com/maps/place/?q=place_id:ChIJv8EnU5EiTIYRjtPU15D_P-k,2026-09-28T14:50:48Z,contact=TDLR public license record; rating 4.9 / 1180 reviews; GBP categories: HVAC contractor | Air conditioning repair service | Air duct cleaning service | Heating contractor | Air conditioning contractor | Insulation contractor
Arlington AC & Heating,DFW,HVAC,Arlington,TX,http://www.arlingtonacandheating.com/,(817) 557-5000,,Ted W Jessup,"License holder, TDLR A/C Contractor #20931",5-25 (hyp.),no FSM detected publicly,site behind bot-wall (not assessed),80,A,https://www.google.com/maps/place/?q=place_id:ChIJv5sQzo17ToYR5DGs4kfPl4A,2026-09-28T14:50:53Z,contact=TDLR public license record; rating 5 / 156 reviews; GBP categories: HVAC contractor
Air Zone Experts,DFW,HVAC,Little Elm,TX,https://airzoneexperts.com/,(214) 430-9059,,Adrian T Racovei,"License holder, TDLR A/C Contractor #67231",15-60 (hyp.),no FSM detected publicly; GBP booking link,site behind bot-wall (not assessed),80,A,https://www.google.com/maps/place/?q=place_id:ChIJX3zLhec5TIYRGn2fWNiO5ig,2026-09-28T14:51:01Z,contact=TDLR public license record; rating 5 / 421 reviews; GBP categories: HVAC contractor | Air duct cleaning service | Furnace repair service | Air conditioning repair service
Ideal Air Of North Texas,DFW,HVAC,McKinney,TX,https://www.idealairofnorthtexas.com/,(469) 301-4608,michaelpaulzda1@gmail.com,,,15-60 (hyp.),no FSM detected publicly; mkt: Podium,no schema markup; no meta description; stale footer ©2023,80,A,https://www.google.com/maps/place/?q=place_id:ChIJid7vBIsTTIYRg7JxBbmSPVk,2026-09-28T14:51:07Z,email=published on company website; rating 4.9 / 548 reviews; GBP categories: HVAC contractor | Air conditioning contractor | Air conditioning repair service
Arctic Air Heating And Cooling,DFW,HVAC,McKinney,TX,https://www.arcticairhc.com/,(214) 326-0079,,Donavan Ray Bagshaw,"License holder, TDLR A/C Contractor #50341",5-25 (hyp.),no FSM detected publicly,site behind bot-wall (not assessed),80,A,https://www.google.com/maps/place/?q=place_id:ChIJo_2xebwTTIYRhha_KrVo_qY,2026-09-28T14:51:09Z,contact=TDLR public license record; rating 4.9 / 102 reviews; GBP categories: HVAC contractor | Service establishment
Work Environmental Systems,DFW,HVAC,Denton,TX,http://www.hotorcold.net/,(940) 387-1911,,David Melbourne Piatt,"License holder, TDLR A/C Contractor #2121",5-25 (hyp.),no FSM detected publicly,site unreachable (ConnectionError),80,A,https://www.google.com/maps/place/?q=place_id:ChIJO7bDpqnLTYYRsnvrKnHwRgg,2026-09-28T14:51:27Z,contact=TDLR public license record; rating 4.8 / 149 reviews; GBP categories: HVAC contractor | Heating contractor | Air conditioning contractor
Heat and Air Gurus,DFW,HVAC,Carrollton,TX,https://planoheatandairgurus.com/,(469) 797-1269,,Jonathon Luke Barbosa,"License holder, TDLR A/C Contractor #138473",5-25 (hyp.),no FSM detected publicly,site behind bot-wall (not assessed),80,A,https://www.google.com/maps/place/?q=place_id:ChIJ1-ads4H9qSERfjDCNZmT_po,2026-09-28T14:51:34Z,contact=TDLR public license record; rating 5 / 122 reviews; GBP categories: HVAC contractor | Air conditioning contractor | Air conditioning repair service | Furnace repair service | Heating contractor
"Coventry & Gattis A/C, Inc.",DFW,HVAC,Grapevine,TX,https://www.coventryandgattis.com/,(817) 720-0232,,Christopher Wellborn,"License holder, TDLR A/C Contractor #107682",5-25 (hyp.),no FSM detected publicly; GBP booking link,site behind bot-wall (not assessed),80,A,https://www.google.com/maps/place/?q=place_id:ChIJ1QIP-z4rTIYRJF6gUPdnM4I,2026-09-28T14:51:41Z,contact=TDLR public license record; rating 5 / 116 reviews; GBP categories: HVAC contractor | Air conditioning contractor | Air conditioning repair service | Furnace repair service | Heating contractor
Washburn Air,DFW,HVAC,Grapevine,TX,https://washburnair.com/,(972) 226-7485,,Jeffrey Darrell Pierce,"License holder, TDLR A/C Contractor #3534",5-25 (hyp.),no FSM detected publicly,site behind bot-wall (not assessed),80,A,https://www.google.com/maps/place/?q=place_id:ChIJx8OZB5ioToYRzkgpkcmqm2o,2026-09-28T14:51:41Z,contact=TDLR public license record; rating 4.9 / 118 reviews; GBP categories: HVAC contractor | Air conditioning contractor | Air conditioning repair service | Air duct cleaning service | Furnace repair service | Heating contractor
Jason's Air-Tex Services,DFW,HVAC,Mesquite,TX,https://www.jasonsairtex.com/,(972) 200-2127,,Kristen Michelle Vines,"License holder, TDLR A/C Contractor #72824",5-25 (hyp.),no FSM detected publicly,site behind bot-wall (not assessed),80,A,https://www.google.com/maps/place/?q=place_id:ChIJM1PZLQmlToYR2T0AqjVvpWs,2026-09-28T14:51:48Z,contact=TDLR public license record; rating 4.7 / 104 reviews; GBP categories: HVAC contractor | Air conditioning contractor | Air conditioning repair service
Lavender AC & Heating,DFW,HVAC,Mesquite,TX,https://www.lavenderac.com/,(469) 704-0244,,David A Lavender,"License holder, TDLR A/C Contractor #54733",5-25 (hyp.),no FSM detected publicly,site behind bot-wall (not assessed),80,A,https://www.google.com/maps/place/?q=place_id:ChIJcSE2apalToYR2-e7uySHt6A,2026-09-28T14:51:48Z,contact=TDLR public license record; rating 4.9 / 192 reviews; GBP categories: HVAC contractor | Air conditioning contractor | Air conditioning repair service | Air duct cleaning service | Furnace repair service | Heating contractor | Insulation contractor
AC Pros,DFW,HVAC,Richardson,TX,https://www.acprostx.com/,(972) 736-8864,,Russell Vance Teager,"License holder, TDLR A/C Contractor #107268",5-25 (hyp.),no FSM detected publicly,site unreachable (403),80,A,https://www.google.com/maps/place/?q=place_id:ChIJRRm4CCQfTIYRf3mmCWVv6oo,2026-09-28T14:51:54Z,contact=TDLR public license record; rating 4.8 / 180 reviews; GBP categories: HVAC contractor | Air conditioning contractor | Air conditioning repair service | Heating contractor
"Team Enoch: Electric, Plumbing, Air, Roofing",DFW,HVAC,Fort Worth,TX,https://teamenoch.com/get-quote/,(817) 783-4343,mail@teamenoch.com,,,5-25 (hyp.),no FSM detected publicly; mkt: Angi/HomeAdvisor,no schema markup; weak/missing title; no meta description,80,A,https://www.google.com/maps/place/?q=place_id:ChIJezAovP9tToYRccKDFA-n-nY,2026-09-28T14:52:13Z,email=published on company website; rating 4.9 / 279 reviews; GBP categories: Plumber | Air conditioning contractor | Air conditioning repair service | Electrician | HVAC contractor
1 Core Construction LLC,KC,Roofing,Kansas City,KS,https://www.1coreconstruction.com/,(913) 314-1931,jflores@1coreconstruction.com,Alfredo Torres,Founder (per company website),5-25 (hyp.),no FSM detected publicly; GBP booking link; CMS: WordPress,no click-to-call,79,B,https://www.google.com/maps/place/?q=place_id:ChIJsSpaU27zwIcRTK3xG3x4NLY,2026-09-28T14:49:59Z,contact=named on company website; email=published on company website; rating 4.8 / 149 reviews; GBP categories: Roofing contractor | Concrete contractor | Deck builder | Painting | Siding contractor | Wood floor installation service
Hancock Brothers Plumbers,KC,Plumbing,Kansas City,MO,,(816) 670-4702,,,,5-25 (hyp.),no FSM detected publicly,NO WEBSITE on Google profile,79,B,https://www.google.com/maps/place/?q=place_id:ChIJo1nFPlr5wIcRxySGCkPgEjg,2026-09-28T14:45:59Z,rating 4.8 / 217 reviews; GBP categories: Plumber
Heartland Quality Heating & Cooling,KC,HVAC,Lee's Summit,MO,,(816) 525-2031,,,,5-25 (hyp.),no FSM detected publicly,NO WEBSITE on Google profile,79,B,https://www.google.com/maps/place/?q=place_id:ChIJKzORvgrfwIcRpLT3Txq5Rbw,2026-09-28T14:45:12Z,rating 4.6 / 187 reviews; GBP categories: HVAC contractor | Air conditioning contractor | Air conditioning repair service | Furnace repair service | Heating contractor
Rapid Commercial Plumbing,KC,Plumbing,Liberty,MO,,(816) 693-6473,,,,5-25 (hyp.),no FSM detected publicly,NO WEBSITE on Google profile,79,B,https://www.google.com/maps/place/?q=place_id:ChIJQfTmMm1VwIcR7tDso5fHDrg,2026-09-28T14:46:59Z,rating 4.8 / 259 reviews; GBP categories: Plumber | Repair service
Dillon's Heating & Cooling,KC,HVAC,Lenexa,KS,,(913) 268-6700,,,,5-25 (hyp.),no FSM detected publicly,NO WEBSITE on Google profile,79,B,https://www.google.com/maps/place/?q=place_id:ChIJE2FZhT6TwIcRdvY1aE6NatY,2026-09-28T14:45:34Z,rating 4.9 / 243 reviews; GBP categories: HVAC contractor | Air conditioning contractor | Heating contractor
Blue Diamond Plumbing of Texas(Plumber near you),DFW,Plumbing,Fort Worth,TX,,(817) 852-9498,,,,5-25 (hyp.),no FSM detected publicly,NO WEBSITE on Google profile,79,B,https://www.google.com/maps/place/?q=place_id:ChIJbS3LX2XZTYYRXtNwXDTMUoE,2026-09-28T14:52:13Z,rating 4.7 / 119 reviews; GBP categories: Plumber | Remodeler | Swimming pool repair service
Kelly Young Electric Inc.,DFW,Electrical,Plano,TX,https://kellyyoungelectric.com/,(972) 943-0908,,,,5-25 (hyp.),no FSM detected publicly,no click-to-call; no schema markup; weak/missing title; no online booking/quote CTA,79,B,https://www.google.com/maps/place/?q=place_id:ChIJ4SJ5I_MYTIYRbqZgq8mAF_8,2026-09-28T14:54:07Z,rating 5 / 115 reviews; GBP categories: Electrician | Service establishment
Fort Construction,DFW,GC,Fort Worth,TX,https://fortconstruction.com/,(817) 885-7979,info@fortconstruction.com,Scott Price,President (per company website),15-60 (hyp.),no FSM detected publicly; CMS: WordPress,no meta description,79,B,https://www.google.com/maps/place/?q=place_id:ChIJRzs2hxFxToYRcQz-MwkFMuI,2026-09-28T14:57:19Z,contact=named on company website; email=published on company website; rating 4.9 / 512 reviews; GBP categories: General contractor | Construction company
VIP PLUMBING EXPERTS LLC,DFW,Plumbing,Frisco,TX,,(469) 486-0687,,,,5-25 (hyp.),no FSM detected publicly,NO WEBSITE on Google profile,79,B,https://www.google.com/maps/place/?q=place_id:ChIJXaZLCl49TIYRDXYty7DEayo,2026-09-28T14:52:37Z,rating 4.7 / 345 reviews; GBP categories: Plumber
Auto Electric Services,DFW,Electrical,Plano,TX,,(972) 424-1777,,,,5-25 (hyp.),no FSM detected publicly,NO WEBSITE on Google profile,79,B,https://www.google.com/maps/place/?q=place_id:ChIJ7yY20akZTIYRAFv1D2l79zQ,2026-09-28T14:54:07Z,rating 4.5 / 136 reviews; GBP categories: Auto repair shop | Auto parts market | Auto parts store | Car accessories store | Car alarm supplier | Car battery store | Chauffeur service | Car stereo store | Electrician | Electronics repair shop
VLS Construction & Restoration LLC,DFW,GC,Fort Worth,TX,,(817) 889-5009,,,,5-25 (hyp.),no FSM detected publicly,NO WEBSITE on Google profile,79,B,https://www.google.com/maps/place/?q=place_id:ChIJU5IhJ8BLaQIRmdAJaJRyrMk,2026-09-28T14:57:22Z,rating 5 / 131 reviews; GBP categories: General contractor | Service establishment
Discount Backflow LLC,DFW,Plumbing,Denton,TX,,(940) 800-8378,,,,5-25 (hyp.),no FSM detected publicly,NO WEBSITE on Google profile,79,B,https://www.google.com/maps/place/?q=place_id:ChIJKT2S30-SnIcRGA3EnAnP7M0,2026-09-28T14:53:08Z,rating 5 / 110 reviews; GBP categories: Plumber | Service establishment
Lon Smith Roofing & Construction,DFW,Roofing,Fort Worth,TX,https://www.lonsmith.com/,(817) 926-8400,info@lonsmith.com,Shawn Michael,President (per company website),5-25 (hyp.),no FSM detected publicly; mkt: CallRail; CMS: WordPress,stale footer ©2023,79,B,https://www.google.com/maps/place/?q=place_id:ChIJV07Dw9BxToYRXy5iN0BTWZo,2026-09-28T14:55:37Z,contact=named on company website; email=published on company website; rating 4.7 / 320 reviews; GBP categories: Roofing contractor
Azael Electrical And Lighting Design LLC,DFW,Electrical,Arlington,TX,https://azaelelectrical.com/,(682) 233-4611,info@azaelelectrical.com,Jazon Gonzalez,CEO (per company website),5-25 (hyp.),no FSM detected publicly; mkt: CallRail/Chat widget; CMS: WordPress,stale footer ©2022,79,B,https://www.google.com/maps/place/?q=place_id:ChIJI55C1-RhToYRiSFDJySbRL0,2026-09-28T14:54:10Z,contact=named on company website; email=published on company website; rating 5 / 262 reviews; GBP categories: Electrician | Electric vehicle charging station contractor | Electrical installation service | Landscape lighting designer | Lighting contractor
Pro Brush Painting And Remodeling,DFW,GC,Arlington,TX,,(817) 538-5200,,,,5-25 (hyp.),no FSM detected publicly,NO WEBSITE on Google profile,79,B,https://www.google.com/maps/place/?q=place_id:ChIJtV6sNFl9ToYR-TL-6y1fKwE,2026-09-28T14:57:36Z,rating 4.8 / 157 reviews; GBP categories: Painter | Deck builder | Kitchen remodeler | Marble contractor | Painting
Kline LLC,DFW,Plumbing,Southlake,TX,,(682) 615-6528,,,,5-25 (hyp.),no FSM detected publicly,NO WEBSITE on Google profile,79,B,https://www.google.com/maps/place/?q=place_id:ChIJlVy_hP_VTYYRGC8YN3HH4og,2026-09-28T14:53:23Z,rating 4.8 / 114 reviews; GBP categories: Plumber
Davis Roofing Solutions,DFW,Roofing,Fort Worth,TX,https://www.davisroofingsolutions.com/,(817) 857-7663,drew@davisroofingsolutions.com,Drew Davis,CEO (per company website),15-60 (hyp.),no FSM detected publicly; CMS: WordPress,stale footer ©2022,79,B,https://www.google.com/maps/place/?q=place_id:ChIJNZTvooAIzyQRo9MxTZXgNAQ,2026-09-28T14:55:37Z,contact=named on company website; email=published on company website; rating 5 / 488 reviews; GBP categories: Roofing contractor | Gutter service
Foster Electric LLC,DFW,Electrical,McKinney,TX,,(972) 837-6098,,,,5-25 (hyp.),no FSM detected publicly,NO WEBSITE on Google profile,79,B,https://www.google.com/maps/place/?q=place_id:ChIJV8qaJKuaN6URrKPKUIM_h1E,2026-09-28T14:54:26Z,rating 5 / 139 reviews; GBP categories: Electrician | Service establishment
"Irwin Construction, LLC",DFW,GC,Denton,TX,http://www.irwinbuilds.com/,(940) 299-9954,info@irwinbuilds.com,Kelley Irwin,Co-Founder (per company website),5-25 (hyp.),no FSM detected publicly; GBP booking link; CMS: WordPress,no click-to-call,79,B,https://www.google.com/maps/place/?q=place_id:ChIJ08oZss_LTYYRVaA6E5p9mFA,2026-09-28T14:58:06Z,contact=named on company website; email=published on company website; rating 5 / 113 reviews; GBP categories: General contractor | Bathroom remodeler | Service establishment | Kitchen remodeler | Remodeler
Sawyer Brothers Plumber's Service Co,DFW,Plumbing,Richardson,TX,,(972) 203-6550,,,,5-25 (hyp.),no FSM detected publicly,NO WEBSITE on Google profile,79,B,https://www.google.com/maps/place/?q=place_id:ChIJawJLTz4ZTIYRAQDwDVP9kTY,2026-09-28T14:53:34Z,rating 4.8 / 122 reviews; GBP categories: Plumber
Cabrera & Sons Roofers LLC,DFW,Roofing,Frisco,TX,,(469) 940-4343,,,,5-25 (hyp.),no FSM detected publicly,NO WEBSITE on Google profile,79,B,https://www.google.com/maps/place/?q=place_id:ChIJbV95hgc5TIYR0a5FoGQrJ2w,2026-09-28T14:55:58Z,rating 4.8 / 127 reviews; GBP categories: Roofing contractor
Mario and Sons Electric,DFW,Electrical,Denton,TX,http://marioandsonselectric.com/,(940) 735-4769,mario_tovar@marioandsonselectric.com,Acosta Tovar,Owner (per company website),5-25 (hyp.),no FSM detected publicly; GBP booking link; CMS: Squarespace,no online booking/quote CTA,79,B,https://www.google.com/maps/place/?q=place_id:ChIJcWMGv2y6WQ8RNdnsjmr5UWc,2026-09-28T14:54:46Z,contact=named on company website; email=published on company website; rating 4.8 / 209 reviews; GBP categories: Electrician | Contractor
Vertical Solutions Roofing & Construction,DFW,Roofing,Carrollton,TX,http://www.verticalsolutionsroofing.com/,(214) 706-2749,info@verticalsolutionsroofing.com,Austin McMeans,Founder (per company website),5-25 (hyp.),no FSM detected publicly; CMS: WordPress,no click-to-call,79,B,https://www.google.com/maps/place/?q=place_id:ChIJ6VJVKgctTIYRXzlgLSBENfQ,2026-09-28T14:56:35Z,contact=named on company website; email=published on company website; rating 4.8 / 231 reviews; GBP categories: Roofing contractor
F Q Electrical Co. LLC,DFW,Electrical,Ponder,TX,https://fqelectricalcollc.com/,(817) 793-3865,,,,5-25 (hyp.),no FSM detected publicly,no click-to-call; no schema markup; no meta description; no online booking/quote CTA,79,B,https://www.google.com/maps/place/?q=place_id:ChIJW7z4m1jJTYYR_kX5qJCNO2A,2026-09-28T14:54:46Z,rating 4.9 / 235 reviews; GBP categories: Electrical installation service
The Chill Brothers,DFW,HVAC,Dallas,TX,https://thechillbrothers.com/hvac-services-in-dallas-tx/,(844) 512-4455,hello@thechillbrothers.com,James Samuel Parr,"License holder, TDLR A/C Contractor #161747",5-25 (hyp.),no FSM detected publicly; GBP booking link; mkt: CallRail/Angi/HomeAdvisor; CMS: WordPress/Shopify,heavy page,79,B,https://www.google.com/maps/place/?q=place_id:ChIJ601XadIhTIYRvO4eGG9HB84,2026-09-28T14:50:36Z,contact=TDLR public license record; email=published on company website; rating 4.6 / 114 reviews; GBP categories: HVAC contractor | Air conditioning contractor | Air conditioning repair service | Air duct cleaning service | Furnace repair service | Heating contractor | Heating equipment supplier | Insulation contractor
Goldstar Heating and Cooling,DFW,HVAC,Plano,TX,https://goldstarhvactx.com/,(469) 971-4135,goldstarhvac.zhi@gmail.com,Shaoguang Zhi,"License holder, TDLR A/C Contractor #138384",5-25 (hyp.),no FSM detected publicly; CMS: WordPress,no schema markup,79,B,https://www.google.com/maps/place/?q=place_id:ChIJm6wOzbkZTIYRDU5AIOJenAE,2026-09-28T14:50:48Z,contact=TDLR public license record; email=published on company website; rating 5 / 130 reviews; GBP categories: HVAC contractor
Texas HVAC Repair,DFW,HVAC,Arlington,TX,https://www.txhvacrepair.com/,(817) 260-0888,info@txhvacrepair.com,Meizar Y Jamhour,"License holder, TDLR A/C Contractor #101660",5-25 (hyp.),no FSM detected publicly; CMS: WordPress,no schema markup; no meta description,79,B,https://www.google.com/maps/place/?q=place_id:ChIJN4OCwRFlToYRGfIsYlZTu04,2026-09-28T14:50:53Z,contact=TDLR public license record; email=published on company website; rating 4.4 / 337 reviews; GBP categories: HVAC contractor | Service establishment
Mondragon Mechanical LLC,DFW,HVAC,Dallas,TX,https://mondragonac.com/,(972) 214-7002,jorge@mondragonac.com,Luis Mondragon,Founder (per company website),5-25 (hyp.),no FSM detected publicly; GBP booking link; mkt: Podium; CMS: WordPress,stale footer ©2020,79,B,https://www.google.com/maps/place/?q=place_id:ChIJs33nlm4nTIYRx51tascE3oE,2026-09-28T14:51:36Z,contact=named on company website; email=published on company website; rating 4.8 / 186 reviews; GBP categories: HVAC contractor | Air conditioning repair service | Air conditioning system supplier | Heating contractor | Heating equipment supplier | Air conditioning contractor
Texas Green Plumbing,DFW,HVAC,Richardson,TX,,(972) 498-1047,,,,5-25 (hyp.),no FSM detected publicly; GBP booking link,NO WEBSITE on Google profile,79,B,https://www.google.com/maps/place/?q=place_id:ChIJwbgDleMeTIYRgvpFXm9dvsw,2026-09-28T14:52:24Z,rating 4.5 / 129 reviews; GBP categories: Plumber | Drainage service | Furnace repair service | Heating contractor | Septic system service
Carey Plumbing Company,DFW,Plumbing,Irving,TX,http://www.careyplumbingcompany.us/,(817) 435-0850,,,,3-10 (hyp.),no FSM detected publicly; GBP booking link,no HTTPS; no click-to-call; no schema markup; weak/missing title; no meta description; no online booking/quote CTA,78,B,https://www.google.com/maps/place/?q=place_id:ChIJK10ZCI5IxgsRFxvGwFIFpk0,2026-09-28T14:52:51Z,rating 4.9 / 47 reviews; GBP categories: Plumber
Mathews Electric,KC,Electrical,Kansas City,MO,https://www.mathewselectric.us/,(816) 533-5409,office@mathewselectric.us,,,5-25 (hyp.),no FSM detected publicly; CMS: WordPress/GoDaddy Builder,no click-to-call; no meta description,77,B,https://www.google.com/maps/place/?q=place_id:ChIJPbxU1j78c0gRppBQZKmMULs,2026-09-28T14:47:07Z,email=published on company website; rating 4.9 / 129 reviews; GBP categories: Electrician | Service establishment
Above All Construction,KC,Roofing,Kansas City,MO,https://aboveallkc.com/,(913) 298-6603,nick@aboveallkc.com,,,5-25 (hyp.),no FSM detected publicly; CMS: WordPress,no schema markup; no online booking/quote CTA,77,B,https://www.google.com/maps/place/?q=place_id:ChIJ50Y6x03xwIcRhHqMS0FSzNU,2026-09-28T14:48:14Z,email=published on company website; rating 4.8 / 162 reviews; GBP categories: Roofing contractor | Gutter service | Patio enclosure supplier | Portable building manufacturer | Remodeler | Siding contractor | Skylight contractor | Window installation service
EPIC Exteriors,KC,Roofing,Overland Park,KS,http://www.epicexteriorskc.com/,(913) 963-2276,shawn@epicexteriorskc.com,,,5-25 (hyp.),no FSM detected publicly; mkt: HubSpot/Angi/HomeAdvisor; CMS: WordPress,no click-to-call; no schema markup,77,B,https://www.google.com/maps/place/?q=place_id:ChIJM56lDu-_wIcRZxsaYnf1W94,2026-09-28T14:48:24Z,email=published on company website; rating 4.8 / 386 reviews; GBP categories: Roofing contractor | Contractor
Sunlife Systems Midwest Inc,KC,Roofing,Lee's Summit,MO,https://www.sunlifemidwest.com/,(816) 221-8055,mark.lobel@sunlifemidwest.com,,,5-25 (hyp.),no FSM detected publicly; CMS: WordPress,stale footer ©2024; no online booking/quote CTA,77,B,https://www.google.com/maps/place/?q=place_id:ChIJd_mTA3wbJgwRdgCOmEGerzc,2026-09-28T14:48:39Z,email=published on company website; rating 5 / 259 reviews; GBP categories: Roofing contractor
Schuler,KC,HVAC,Kansas City,KS,http://schulerkc.com/,(913) 262-2969,,Jen Ingala,President (per company website),5-25 (hyp.),no FSM detected publicly; mkt: Podium; CMS: WordPress,no click-to-call; no meta description,77,B,https://www.google.com/maps/place/?q=place_id:ChIJ7RxC9IztwIcRdGsWgCW5fCg,2026-09-28T14:44:59Z,contact=named on company website; rating 4.9 / 180 reviews; GBP categories: HVAC contractor | Air conditioning contractor | Air conditioning system supplier | Heating equipment supplier | Heating contractor
Guaranteed Affordable Roofing,KC,Roofing,Independence,MO,http://www.guaranteedaffordableroofs.com/,(816) 529-0706,g.a.roofing@sbcglobal.net,,,5-25 (hyp.),no FSM detected publicly; GBP booking link; mkt: Angi/HomeAdvisor,no schema markup; stale footer ©2023,77,B,https://www.google.com/maps/place/?q=place_id:ChIJs2k2pcQcwYcR1XlMq3tyggM,2026-09-28T14:48:43Z,email=published on company website; rating 4.8 / 149 reviews; GBP categories: Roofing contractor
TJS HVAC Services,KC,HVAC,Olathe,KS,https://tjshvacservices.com/,(913) 433-4950,tjhvac1@gmail.com,,,5-25 (hyp.),no FSM detected publicly,no click-to-call; heavy page,77,B,https://www.google.com/maps/place/?q=place_id:ChIJIee0x259v4cR3IM3uuncGDA,2026-09-28T14:45:04Z,email=published on company website; rating 5 / 215 reviews; GBP categories: HVAC contractor | Service establishment
Heating and Cooling KC LLC,KC,HVAC,Olathe,KS,http://heatingandcoolingkc.com/,(913) 215-8406,heatingandcoolingkc@gmail.com,,,5-25 (hyp.),no FSM detected publicly; CMS: GoDaddy Builder,no schema markup; stale footer ©2023,77,B,https://www.google.com/maps/place/?q=place_id:ChIJMXHwNbct5EkRi_gk4ftGIAY,2026-09-28T14:45:04Z,email=published on company website; rating 5 / 132 reviews; GBP categories: HVAC contractor | Air conditioning contractor | Air duct cleaning service | Dryer vent cleaning service | Furnace parts supplier | Furnace repair service | Air conditioning repair service
"Groom's Appliance, Heating & Cooling",KC,HVAC,Lee's Summit,MO,https://groomsappliance.com/,(816) 524-7184,alana@groomsappliance.com,,,15-60 (hyp.),no FSM detected publicly; CMS: WordPress,no click-to-call; no meta description,77,B,https://www.google.com/maps/place/?q=place_id:ChIJ7e3HceIjwYcRxQ297F0iM3I,2026-09-28T14:45:12Z,email=published on company website; rating 5 / 662 reviews; GBP categories: Air conditioning contractor | Appliance repair service | Service establishment | Heating contractor
New Heating & Cooling,KC,HVAC,Blue Springs,MO,https://www.newheatingandcoolingllc.com/,(816) 912-6519,info@newheatingandcoolingllc.com,,,5-25 (hyp.),no FSM detected publicly; CMS: WordPress,no schema markup; no meta description,77,B,https://www.google.com/maps/place/?q=place_id:ChIJlZPybtnzwIcRrT8ikmwltTc,2026-09-28T14:45:49Z,email=published on company website; rating 4.9 / 142 reviews; GBP categories: HVAC contractor | Air conditioning contractor | Air conditioning repair service | Service establishment | Heating contractor | Heating equipment supplier | Plumber | Repair service
Military Construction co,DFW,Plumbing,Fort Worth,TX,https://militaryconstructionco.com/,(817) 569-0090,info@militaryconstructionco.com,,,5-25 (hyp.),no FSM detected publicly; GBP booking link; CMS: WordPress,no schema markup; no meta description,77,B,https://www.google.com/maps/place/?q=place_id:ChIJ0QiGVSXZTYYRSekrLBqHX_Y,2026-09-28T14:57:19Z,email=published on company website; rating 5 / 166 reviews; GBP categories: Roofing contractor | Contractor | Demolition contractor | Fence contractor | Gutter cleaning service | Plumber | Remodeler | Siding contractor | Stucco contractor | Tile contractor
Rooflens,DFW,Roofing,Plano,TX,https://rooflenstx.com/,(945) 253-5999,info@rooflenstx.com,,,5-25 (hyp.),no FSM detected publicly; CMS: WordPress,no meta description; no online booking/quote CTA,77,B,https://www.google.com/maps/place/?q=place_id:ChIJfbxJsdEZTIYRBLxqeQi0hE0,2026-09-28T14:55:44Z,email=published on company website; rating 5 / 261 reviews; GBP categories: Roofing contractor
Primetime Electrical Contractors,DFW,Electrical,Plano,TX,http://www.myprimetimeelectrical.com/,(214) 776-7066,husein@myprimetimeelectrical.com,,,5-25 (hyp.),no FSM detected publicly; CMS: WordPress,no HTTPS; no meta description,77,B,https://www.google.com/maps/place/?q=place_id:ChIJo97kp0OWjycRzPYk1zvZMVE,2026-09-28T14:54:04Z,email=published on company website; rating 5 / 189 reviews; GBP categories: Electrician | Electrical installation service | Electrical repair shop | Service establishment
RCSA Roofing & Construction,DFW,Roofing,Plano,TX,http://www.rcsausa.com/,(972) 360-7891,info@rcsausa.com,,,5-25 (hyp.),no FSM detected publicly; CMS: WordPress,weak/missing title; no meta description,77,B,https://www.google.com/maps/place/?q=place_id:ChIJvdgn51IdTIYRbpWyaG2h4j8,2026-09-28T14:55:46Z,email=published on company website; rating 5 / 191 reviews; GBP categories: Roofing contractor | General contractor
Lambright Electric Allen TX,DFW,Electrical,Allen,TX,http://lambrightelectricllc.com/,(214) 815-6745,lambrightelectricllc@gmail.com,,,5-25 (hyp.),no FSM detected publicly; CMS: Wix,stale footer ©2022; no online booking/quote CTA,77,B,https://www.google.com/maps/place/?q=place_id:ChIJd204uv0ZTIYR1L7yIMz8j3o,2026-09-28T14:54:04Z,email=published on company website; rating 5 / 127 reviews; GBP categories: Electrician
Impression Roofing,DFW,Roofing,Frisco,TX,http://impressionroofing.com/,(469) 905-5050,contact@impressionroofing.com,,,5-25 (hyp.),no FSM detected publicly; CMS: WordPress,no schema markup; no meta description,77,B,https://www.google.com/maps/place/?q=place_id:ChIJZ5xSHtppTIYR1gblDfcdns0,2026-09-28T14:55:58Z,email=published on company website; rating 4.9 / 121 reviews; GBP categories: Roofing contractor | General contractor | Water damage restoration service
DLI Electric,DFW,Electrical,Arlington,TX,http://dlielectric.com/,(817) 454-1580,david@dlielectric.com,,,5-25 (hyp.),no FSM detected publicly; CMS: WordPress,no click-to-call; no meta description,77,B,https://www.google.com/maps/place/?q=place_id:ChIJeeitU0FhToYRTxQix0r3Jc4,2026-09-28T14:54:10Z,email=published on company website; rating 4.9 / 245 reviews; GBP categories: Electrician
Roof Me LLC | Roofing & General Contracting | TEXT,DFW,Roofing,Garland,TX,https://www.roofmellc.com/,(469) 826-2945,roofmellc@gmail.com,,,5-25 (hyp.),no FSM detected publicly; CMS: Squarespace,no click-to-call; weak/missing title,77,B,https://www.google.com/maps/place/?q=place_id:ChIJ61hlhXgfTIYRLBhJLKtAjcA,2026-09-28T14:56:24Z,email=published on company website; rating 5 / 320 reviews; GBP categories: Roofing contractor
JH Electric,DFW,Electrical,Frisco,TX,http://www.jhelectricdallas.com/,(469) 734-4744,jhelectricdallas@gmail.com,,,5-25 (hyp.),no FSM detected publicly; CMS: WordPress/GoDaddy Builder,no schema markup; no meta description,77,B,https://www.google.com/maps/place/?q=place_id:ChIJvdDaLKx3HQAR0t7QKRB1dg0,2026-09-28T14:54:19Z,email=published on company website; rating 5 / 102 reviews; GBP categories: Electrical installation service | Electrician | Service establishment
RX Roof LLC,DFW,Roofing,Carrollton,TX,http://rxroof.com/,(972) 512-0833,info@rxroof.com,,,5-25 (hyp.),no FSM detected publicly; CMS: Squarespace,stale footer ©2020; heavy page,77,B,https://www.google.com/maps/place/?q=place_id:ChIJOSEsCrEmTIYRvLay4TkYZk4,2026-09-28T14:56:35Z,email=published on company website; rating 4.7 / 237 reviews; GBP categories: Roofing contractor
Russ Electric,DFW,Electrical,Garland,TX,https://www.russelectricllc.com/,(972) 272-8803,mathew.russelectric@gmail.com,,,5-25 (hyp.),no FSM detected publicly; CMS: Squarespace,no click-to-call; weak/missing title,77,B,https://www.google.com/maps/place/?q=place_id:ChIJmQ0yuZ-gToYRJySW6BCQc6M,2026-09-28T14:54:39Z,email=published on company website; rating 4.9 / 365 reviews; GBP categories: Electrician | Contractor
New Elite Roofing,DFW,Roofing,Richardson,TX,https://neweliteroofing.com/,(214) 564-4355,ivan@neweliteroofing.com,,,15-60 (hyp.),no FSM detected publicly; GBP booking link; CMS: WordPress,stale footer ©2024; no online booking/quote CTA,77,B,https://www.google.com/maps/place/?q=place_id:ChIJ0dyA1lYfTIYRiYyBI7rHYbs,2026-09-28T14:56:56Z,email=published on company website; rating 4.9 / 477 reviews; GBP categories: Roofing contractor | Fence contractor | General contractor | Gutter cleaning service | Siding contractor
Best Neighbor Home Services,DFW,HVAC,McKinney,TX,https://www.bestneighborhomeservices.com/,(903) 321-2265,,Jacob Oscar Oppelt,"License holder, TDLR A/C Contractor #140059",5-25 (hyp.),no FSM detected publicly,no click-to-call; no online booking/quote CTA,77,B,https://www.google.com/maps/place/?q=place_id:ChIJKTl0NSHMaC4RuqzGRjT-SoY,2026-09-28T14:51:09Z,contact=TDLR public license record; rating 5 / 166 reviews; GBP categories: HVAC contractor | Air conditioning contractor | Air conditioning repair service | Furnace repair service | Heating contractor
"Truficient Energy Solutions, LLC",DFW,HVAC,Richardson,TX,http://www.truficient.com/,(214) 238-4350,,Eric Irving Love,"License holder, TDLR A/C Contractor #77247",15-60 (hyp.),no FSM detected publicly,no click-to-call; no online booking/quote CTA,77,B,https://www.google.com/maps/place/?q=place_id:ChIJkYLkh8KYToYRmnhMWBLH_zI,2026-09-28T14:51:54Z,contact=TDLR public license record; rating 4.9 / 944 reviews; GBP categories: HVAC contractor | Air conditioning contractor | Heating contractor
McKnight AC,DFW,HVAC,Mansfield,TX,https://mcknightac.com/,(817) 825-4159,kenmcknightac@gmail.com,,,5-25 (hyp.),no FSM detected publicly; mkt: Podium; CMS: WordPress,no meta description; no online booking/quote CTA,77,B,https://www.google.com/maps/place/?q=place_id:ChIJOSXfe7rBZ4wR3CJIJbjm2u4,2026-09-28T14:52:00Z,email=published on company website; rating 5 / 132 reviews; GBP categories: HVAC contractor | Service establishment
B. L. Rieke & Associates,KC,GC,Lenexa,KS,http://www.blrieke.com/,(913) 599-3393,,Bruce Rieke,President (per company website),3-10 (hyp.),no FSM detected publicly,no schema markup; weak/missing title; no meta description; no online booking/quote CTA,76,B,https://www.google.com/maps/place/?q=place_id:ChIJ-wFkz5SUwIcRenr3VcfX9Wg,2026-09-28T14:50:09Z,contact=named on company website; rating 4.7 / 58 reviews; GBP categories: Home builder | Contractor | Custom home builder | Interior designer
Handy Hayes Improvements LLC,KC,GC,Liberty,MO,https://handyhayesimprovements.com/,(816) 809-1280,blake@handyhayesimprovements.com,,,5-25 (hyp.),no FSM detected publicly,no schema markup; weak/missing title; no meta description; stale footer ©2024,76,B,https://www.google.com/maps/place/?q=place_id:ChIJ9cAtCokNo48R1t2eWWrsrsw,2026-09-28T14:50:29Z,email=published on company website; rating 5 / 70 reviews; GBP categories: General contractor | Bathroom remodeler | Deck builder | Demolition contractor | Service establishment | Kitchen remodeler
American Home Services,KC,HVAC,Lenexa,KS,,(913) 380-4545,,,,5-25 (hyp.),no FSM detected publicly,NO WEBSITE on Google profile,76,B,https://www.google.com/maps/place/?q=place_id:ChIJN7heq4jywIcRkJiE3dIjT0I,2026-09-28T14:45:37Z,rating 4.2 / 102 reviews; GBP categories: Air conditioning contractor | Plumber | Heating contractor
Hoss Roofing & General Contracting,DFW,Roofing,McKinney,TX,http://hossroofing.com/,(214) 641-9119,admin@hossroofing.com,,,5-25 (hyp.),no FSM detected publicly; CMS: GoDaddy Builder,no mobile viewport; no click-to-call; no schema markup; stale footer ©2017,76,B,https://www.google.com/maps/place/?q=place_id:ChIJzUlUxdYTTIYR36zanqJcdE8,2026-09-28T14:56:07Z,email=published on company website; rating 5 / 80 reviews; GBP categories: Roofing contractor | Bathroom remodeler | Fence supply store | Gutter cleaning service | Kitchen remodeler | Patio enclosure supplier
Myers Pro Roofing,DFW,Roofing,Garland,TX,http://www.myersproroofing.net/,(214) 498-5939,myersproroofing@gmail.com,,,5-25 (hyp.),no FSM detected publicly; CMS: WordPress/GoDaddy Builder,no click-to-call; no schema markup; no meta description; stale footer ©2023,76,B,https://www.google.com/maps/place/?q=place_id:ChIJmxAODaWi5BQRWfbFa64UUlU,2026-09-28T14:56:24Z,email=published on company website; rating 4.6 / 69 reviews; GBP categories: Roofing contractor
Tony's Heating & Air Conditioning,DFW,HVAC,Garland,TX,,(469) 233-7136,,Tony Nguyen,"License holder, TDLR A/C Contractor #23060",5-25 (hyp.),no FSM detected publicly,NO WEBSITE on Google profile,76,B,https://www.google.com/maps/place/?q=place_id:ChIJxYUGqicFTIYRZHYIBOMjW0Q,2026-09-28T14:51:23Z,contact=TDLR public license record; rating 4.8 / 64 reviews; GBP categories: Air conditioning repair service
American Air Systems,DFW,HVAC,Garland,TX,,(940) 279-9771,,Richard Walter Cascio,"License holder, TDLR A/C Contractor #735",3-10 (hyp.),no FSM detected publicly,NO WEBSITE on Google profile,76,B,https://www.google.com/maps/place/?q=place_id:ChIJbX1s1UocTIYR7O_mhXKqEgc,2026-09-28T14:51:23Z,contact=TDLR public license record; rating 4.8 / 49 reviews; GBP categories: HVAC contractor | Heating contractor | Air conditioning repair service | Refrigerator repair service
Texas cool mechanical,DFW,HVAC,Carrollton,TX,,(469) 450-8767,,Juan Ramirez Vazquez,"License holder, TDLR A/C Contractor #103836",5-25 (hyp.),no FSM detected publicly,NO WEBSITE on Google profile,76,B,https://www.google.com/maps/place/?q=place_id:ChIJpdgfN4AnTIYRwjhRJFPC9Ps,2026-09-28T14:51:36Z,contact=TDLR public license record; rating 4.9 / 64 reviews; GBP categories: HVAC contractor
Sanchez Heating & A/C,DFW,HVAC,Mesquite,TX,,(214) 659-2129,,Johnny Sanchez Sr,"License holder, TDLR A/C Contractor #31726",5-25 (hyp.),no FSM detected publicly,NO WEBSITE on Google profile,76,B,https://www.google.com/maps/place/?q=place_id:ChIJzT6vUaqlToYR9PntVloV3nE,2026-09-28T14:51:48Z,contact=TDLR public license record; rating 4.9 / 72 reviews; GBP categories: Air conditioning repair service
Teague Electric,KC,Electrical,Lenexa,KS,http://www.teagueelectric.com/,(913) 529-4600,,,,5-25 (hyp.),no FSM detected publicly; GBP booking link,site behind bot-wall (not assessed),75,B,https://www.google.com/maps/place/?q=place_id:ChIJ-8XD77KUwIcR2Xl_vBCDEdw,2026-09-28T14:47:04Z,rating 4.9 / 148 reviews; GBP categories: Electrician | Electrical installation service | Electrical repair shop
Outdoor Lighting Perspectives of Kansas City,KC,Electrical,Overland Park,KS,https://www.outdoorlights.com/kansas-city,(913) 285-8450,,,,5-25 (hyp.),no FSM detected publicly; GBP booking link,site unreachable (403),75,B,https://www.google.com/maps/place/?q=place_id:ChIJcd_bdHLrwIcRUbcmg0e759Q,2026-09-28T14:47:13Z,rating 5 / 274 reviews; GBP categories: Electrician | Landscape lighting designer | Service establishment | Landscaper | Lighting consultant | Lighting contractor | Lighting store | Lighting products wholesaler
True Blue Plumbing LLC,KC,Plumbing,Kansas City,MO,http://www.trueblueplumbingkc.com/,(816) 628-2583,,,,5-25 (hyp.),no FSM detected publicly,site unreachable (403),75,B,https://www.google.com/maps/place/?q=place_id:ChIJb0VTMKxNwIcRiHWfXxrV_gg,2026-09-28T14:45:59Z,rating 4.7 / 296 reviews; GBP categories: Plumber | Contractor | Drainage service | Septic system service
Modern Construction Services LLC,KC,GC,Shawnee,KS,https://constructionmcs.com/,(913) 290-2495,,,,5-25 (hyp.),no FSM detected publicly,site behind bot-wall (not assessed),75,B,https://www.google.com/maps/place/?q=place_id:ChIJPeaT7sKh8UwRSmAmRmq-Uuo,2026-09-28T14:49:05Z,rating 4.5 / 105 reviews; GBP categories: General contractor
Inception Plumbing,KC,Plumbing,Kansas City,MO,https://inceptionplumbing.com/locations/kansas-city-mo/,(816) 369-1010,,,,5-25 (hyp.),no FSM detected publicly; GBP booking link,site behind bot-wall (not assessed),75,B,https://www.google.com/maps/place/?q=place_id:ChIJ-3-7sv38wIcRrMCsvdkxV08,2026-09-28T14:45:59Z,rating 4.9 / 167 reviews; GBP categories: Plumber | Drainage service | Gas installation service | Gasfitter | Water purification company | Water softening equipment supplier
Bryan Casey Construction LLC,KC,GC,Parkville,MO,http://www.bryancaseyconstruction.com/,(816) 716-8258,,,,5-25 (hyp.),no FSM detected publicly,site behind bot-wall (not assessed),75,B,https://www.google.com/maps/place/?q=place_id:ChIJie6QHSZZwIcRwgUyqEdN4CM,2026-09-28T14:49:24Z,rating 4.5 / 239 reviews; GBP categories: Contractor
Zoom Drain KC,KC,Plumbing,Kansas City,MO,https://www.zoomdrain.com/kansas-city/,(816) 693-2700,,,,5-25 (hyp.),no FSM detected publicly; GBP booking link,site unreachable (403),75,B,https://www.google.com/maps/place/?q=place_id:ChIJQXuevGblwIcR6aMGcSOVgvc,2026-09-28T14:45:59Z,rating 4.8 / 197 reviews; GBP categories: Plumber | Drainage service | Repair service
Garcia Roofing Kansas City,KC,Roofing,Kansas City,MO,http://www.garciaroofing.biz/,(816) 286-7387,,,,5-25 (hyp.),no FSM detected publicly,site unreachable (ReadTimeout),75,B,https://www.google.com/maps/place/?q=place_id:ChIJVyUob5_bwIcRbfQdjt6pXQw,2026-09-28T14:48:14Z,rating 5 / 248 reviews; GBP categories: Roofing contractor
Homoly Design + Build,KC,GC,Kansas City,MO,https://www.homoly.com/,(816) 340-6675,,,,5-25 (hyp.),no FSM detected publicly,site behind bot-wall (not assessed),75,B,https://www.google.com/maps/place/?q=place_id:ChIJy8ni5_TwwIcR5bJvLLkzwnM,2026-09-28T14:49:24Z,rating 4.8 / 155 reviews; GBP categories: Custom home builder | Construction company | Home builder | Real estate developer | Remodeler
PlumbWorks LLC,KC,Plumbing,Kansas City,MO,https://www.plumbworkskc.com/,(816) 518-8685,,,,5-25 (hyp.),no FSM detected publicly,site unreachable (ReadTimeout),75,B,https://www.google.com/maps/place/?q=place_id:ChIJjR-zV-ErwYcRFxVXqus4OgE,2026-09-28T14:46:01Z,rating 4.8 / 157 reviews; GBP categories: Plumber | Service establishment
Farha Roofing,KC,Roofing,Kansas City,MO,https://farharoofing.com/kansas-city-mo/,(816) 828-1506,,,,5-25 (hyp.),no FSM detected publicly,site behind bot-wall (not assessed),75,B,https://www.google.com/maps/place/?q=place_id:ChIJ_9WVZyvxwIcRuRKjkejF4zM,2026-09-28T14:48:17Z,rating 4.9 / 116 reviews; GBP categories: Roofing contractor
Cornerstone Construction Services,KC,GC,Overland Park,KS,https://buildingcornerstone.com/,(913) 839-3002,mitch.hazen@outlook.com,Mitch Hazen,Owner (per company website),5-25 (hyp.),no FSM detected publicly; GBP booking link; mkt: Angi/HomeAdvisor; CMS: WordPress,,75,B,https://www.google.com/maps/place/?q=place_id:ChIJFdgT5W29wIcRcmXc0a-u-pg,2026-09-28T14:49:31Z,contact=named on company website; email=published on company website; rating 5 / 287 reviews; GBP categories: Remodeler | Bathroom remodeler | Service establishment | Kitchen remodeler
KC Sunshine Services,KC,Plumbing,Kansas City,KS,http://kcsunshineplumbing.com/,(913) 933-6233,,,,5-25 (hyp.),no FSM detected publicly; GBP booking link,site unreachable (403),75,B,https://www.google.com/maps/place/?q=place_id:ChIJQxERXiAuq48RngS5wh5Yw7I,2026-09-28T14:46:01Z,rating 4.9 / 122 reviews; GBP categories: Plumber
Royal Roofing & Solar,KC,Roofing,Kansas City,MO,http://roofedbyroyal.com/,(816) 540-7057,,,,5-25 (hyp.),no FSM detected publicly,site behind bot-wall (not assessed),75,B,https://www.google.com/maps/place/?q=place_id:ChIJXc8m5rHvwIcR5mCwJfTbPg0,2026-09-28T14:48:17Z,rating 4.8 / 103 reviews; GBP categories: Roofing contractor
"KC Builders & Design, Inc.",KC,GC,Overland Park,KS,http://www.kcbuildersanddesign.com/,(913) 782-0502,,,,15-60 (hyp.),no FSM detected publicly,site behind bot-wall (not assessed),75,B,https://www.google.com/maps/place/?q=place_id:ChIJcXm1iRfBwIcReLNaRz0SCuA,2026-09-28T14:49:31Z,rating 4.8 / 456 reviews; GBP categories: Construction company | Bathroom remodeler | Custom home builder | Home builder | Kitchen remodeler
Sewer Surgeon of Kansas City/KCMO,KC,Plumbing,Gladstone,MO,https://www.sewersurgeonllc.com/,(816) 451-1005,,,,15-60 (hyp.),no FSM detected publicly; GBP booking link,site behind bot-wall (not assessed),75,B,https://www.google.com/maps/place/?q=place_id:ChIJiydMcvybwIcRU1SCAXd9MtY,2026-09-28T14:46:01Z,rating 4.9 / 809 reviews; GBP categories: Plumber | Contractor | Drainage service | Excavating contractor | Gasfitter | Repair service | Water pump supplier | Water purification company | Water works
Advocate Construction,KC,Roofing,Lenexa,KS,https://advocateconstruction.com/,(913) 444-9006,,,,5-25 (hyp.),no FSM detected publicly,site unreachable (ConnectionError),75,B,https://www.google.com/maps/place/?q=place_id:ChIJSVr28abswIcRG4sLyvfoNV0,2026-09-28T14:48:21Z,rating 4.6 / 235 reviews; GBP categories: Roofing contractor | Construction company
Schloegel Design Remodel,KC,GC,Kansas City,MO,https://www.remodelagain.com/,(816) 361-9669,,,,5-25 (hyp.),no FSM detected publicly; GBP booking link,site unreachable (403),75,B,https://www.google.com/maps/place/?q=place_id:ChIJZXvvfC3vwIcRP-ODxbfaUXo,2026-09-28T14:49:31Z,rating 4.9 / 241 reviews; GBP categories: Remodeler | Architectural designer | Architecture firm | Bathroom remodeler | Handyman/Handywoman/Handyperson | Kitchen remodeler
Connelly Plumbing Solutions,KC,Plumbing,Lenexa,KS,https://connellyplumbingsolutions.com/,(913) 768-7676,,,,15-60 (hyp.),no FSM detected publicly; GBP booking link,site unreachable (ReadTimeout),75,B,https://www.google.com/maps/place/?q=place_id:ChIJv6c3gxmWwIcRCWLn86uz-F0,2026-09-28T14:46:01Z,rating 4.9 / 834 reviews; GBP categories: Plumber
Absolute Construction,KC,Roofing,Lenexa,KS,http://www.absoluteroofingcompany.net/,(913) 427-5577,,,,5-25 (hyp.),no FSM detected publicly; GBP booking link,site behind bot-wall (not assessed),75,B,https://www.google.com/maps/place/?q=place_id:ChIJx38YGGaVwIcRE_dxLDVxsbo,2026-09-28T14:48:21Z,rating 5 / 120 reviews; GBP categories: Roofing contractor | Waterproofing service
Bath Pro KC,KC,GC,Overland Park,KS,http://bathprokc.com/,(913) 289-5600,,,,5-25 (hyp.),no FSM detected publicly,site behind bot-wall (not assessed),75,B,https://www.google.com/maps/place/?q=place_id:ChIJXcNf4frrwIcRnMyTiaD3yuE,2026-09-28T14:49:34Z,rating 5 / 217 reviews; GBP categories: Bathroom remodeler
"LBA Air Conditioning, Heating & Plumbing",KC,HVAC,Kansas City,MO,https://www.lbaservices.com/,(913) 347-5361,,,,5-25 (hyp.),no FSM detected publicly,site unreachable (403),75,B,https://www.google.com/maps/place/?q=place_id:ChIJsSUy3-LswIcR0HAfPw-uCWE,2026-09-28T14:44:51Z,rating 4.7 / 235 reviews; GBP categories: HVAC contractor | Air conditioning contractor | Air conditioning repair service | Air conditioning system supplier | Furnace repair service | Heating contractor | Heating equipment supplier | Plumber | Water filter supplier | Water softening equipment supplier
Tried & True Plumbing KC,KC,Plumbing,Olathe,KS,https://triedandtrueplumbingkc.com/,(913) 354-3914,,,,15-60 (hyp.),no FSM detected publicly,site behind bot-wall (not assessed),75,B,https://www.google.com/maps/place/?q=place_id:ChIJR9w7VIPrwIcRkg6IF9X0QYo,2026-09-28T14:46:10Z,rating 4.9 / 516 reviews; GBP categories: Plumber | Water filter supplier | Water works
Vision Construction Co. LLC,KC,Roofing,Olathe,KS,https://www.buildwithvisionllc.com/,(816) 743-4156,,,,5-25 (hyp.),no FSM detected publicly,site unreachable (403),75,B,https://www.google.com/maps/place/?q=place_id:ChIJYYtDrMrrwIcRJ3bkAIKYn-Q,2026-09-28T14:48:28Z,rating 4.9 / 118 reviews; GBP categories: Roofing contractor | Service establishment | Siding contractor
KC Custom Siding and Windows,KC,GC,Lee's Summit,MO,https://www.kccustomsidingwindows.com/,(816) 608-8809,,,,5-25 (hyp.),no FSM detected publicly; GBP booking link,site behind bot-wall (not assessed),75,B,https://www.google.com/maps/place/?q=place_id:ChIJQ8DKyaQi_QMRpZY5yApkziw,2026-09-28T14:49:48Z,rating 5 / 358 reviews; GBP categories: Window installation service | Deck builder | Door supplier | Remodeler | Siding contractor
Air Care Heating & Cooling,KC,HVAC,Shawnee,KS,https://aircarekc.com/,(913) 430-4654,,,,5-25 (hyp.),no FSM detected publicly; GBP booking link,site behind bot-wall (not assessed),75,B,https://www.google.com/maps/place/?q=place_id:ChIJXciBCeCUwIcRexvJQ_qFb90,2026-09-28T14:44:56Z,rating 5 / 265 reviews; GBP categories: HVAC contractor | Air conditioning repair service | Furnace repair service | Heating contractor | Air conditioning contractor
Griffin Plumbing Services,KC,Plumbing,Olathe,KS,https://www.griffinplumbingservice.com/,(913) 408-0115,,,,5-25 (hyp.),no FSM detected publicly,site behind bot-wall (not assessed),75,B,https://www.google.com/maps/place/?q=place_id:ChIJB95EEOSsmSYRBnAagPJmnCg,2026-09-28T14:46:12Z,rating 5 / 159 reviews; GBP categories: Plumber | Service establishment
"AKC Pros Roofing, Gutters, Siding & Insulation",KC,Roofing,Spring Hill,KS,http://www.akcpros.com/,(913) 592-9194,brandie@akcpros.com,Chris Ward,Owner (per company website),5-25 (hyp.),no FSM detected publicly; CMS: WordPress,,75,B,https://www.google.com/maps/place/?q=place_id:ChIJCf4DFcm7wIcROD3HUyCSHwM,2026-09-28T14:48:28Z,contact=named on company website; email=published on company website; rating 4.8 / 220 reviews; GBP categories: Roofing contractor | Building restoration service | Construction company | Insulation contractor
Captain Concrete LLC,KC,GC,Independence,MO,http://www.captainconcreteofkc.com/,(816) 377-1007,,,,5-25 (hyp.),no FSM detected publicly; CMS: GoDaddy Builder,no schema markup; no meta description; stale footer ©2018,75,B,https://www.google.com/maps/place/?q=place_id:ChIJZWwUuDX9wIcRS6i22kt4QrE,2026-09-28T14:49:55Z,rating 4.6 / 331 reviews; GBP categories: Concrete contractor
Priced Right Heating and Cooling,KC,HVAC,Lenexa,KS,https://www.pricedrightheatingandcooling.com/,(913) 713-5911,,,,5-25 (hyp.),no FSM detected publicly,site behind bot-wall (not assessed),75,B,https://www.google.com/maps/place/?q=place_id:ChIJy_YiElzqwIcRd7_qr97oNVI,2026-09-28T14:44:59Z,rating 4.9 / 352 reviews; GBP categories: HVAC contractor | Air conditioning contractor | Furnace repair service | Heating contractor | Air conditioning repair service
Inception Plumbing,KC,Plumbing,Independence,MO,https://inceptionplumbing.com/locations/independence-mo/,(816) 357-1010,,,,15-60 (hyp.),no FSM detected publicly; GBP booking link,site behind bot-wall (not assessed),75,B,https://www.google.com/maps/place/?q=place_id:ChIJ69Pb5B39wIcRZmOBZwnqSi8,2026-09-28T14:46:25Z,rating 5 / 482 reviews; GBP categories: Plumber | Drainage service | Gas installation service | Gasfitter | Water purification company | Water softening equipment supplier
Precision Roofing of Missouri,KC,Roofing,Lee's Summit,MO,http://roofingkc.com/,(816) 254-7100,info@roofingkc.com,Kyle Grell,President (per company website),5-25 (hyp.),no FSM detected publicly; CMS: WordPress,,75,B,https://www.google.com/maps/place/?q=place_id:ChIJrSnPN3IiwYcRUxpSr-pLVrc,2026-09-28T14:48:37Z,contact=named on company website; email=published on company website; rating 4.8 / 126 reviews; GBP categories: Roofing contractor
ARC General Contracting,KC,GC,Lenexa,KS,http://arcgc.com/,(913) 492-8008,accountspayable@arcgc.com,David Manica,President (per company website),5-25 (hyp.),no FSM detected publicly; CMS: Webflow,,75,B,https://www.google.com/maps/place/?q=place_id:ChIJESDrpt_swIcRc-bEvMEdtYk,2026-09-28T14:50:06Z,contact=named on company website; email=published on company website; rating 4.7 / 235 reviews; GBP categories: General contractor
Ultra LLC,KC,HVAC,Mission,KS,http://www.ultrakc.com/,(913) 717-8000,,,,15-60 (hyp.),no FSM detected publicly; GBP booking link,site unreachable (403),75,B,https://www.google.com/maps/place/?q=place_id:ChIJR53kps3twIcRd4h1rzGinhA,2026-09-28T14:44:59Z,rating 4.9 / 533 reviews; GBP categories: Air conditioning contractor | Air conditioning repair service | Furnace repair service | Heating contractor
Sharp Plumbing,KC,Plumbing,Independence,MO,https://www.sharpplumbingkc.com/,(816) 252-5822,,,,5-25 (hyp.),no FSM detected publicly,site behind bot-wall (not assessed),75,B,https://www.google.com/maps/place/?q=place_id:ChIJVXsiZMX8wIcRWXcjn2qVKgo,2026-09-28T14:46:25Z,rating 4.7 / 184 reviews; GBP categories: Plumber | Drainage service | Gas installation service | Water treatment supplier
Manning Roofing,KC,Roofing,Lee's Summit,MO,https://manninggc.com/,(816) 448-8208,contact@manninggc.com,Jimmy Gaffney,General Manager (per company website),5-25 (hyp.),no FSM detected publicly; mkt: HubSpot/Chat widget; CMS: WordPress/Squarespace/Webflow/Weebly/Shopify,,75,B,https://www.google.com/maps/place/?q=place_id:ChIJ8fSqlDEfwYcR_xxog_C8Os8,2026-09-28T14:48:37Z,contact=named on company website; email=published on company website; rating 4.9 / 184 reviews; GBP categories: Roofing contractor | Service establishment | General contractor | Insulation contractor | Siding contractor | Window installation service
Bichelmeyer Renovations,KC,GC,Lenexa,KS,https://www.bichelmeyerrenovations.com/,(913) 608-4667,,,,5-25 (hyp.),no FSM detected publicly; GBP booking link,site behind bot-wall (not assessed),75,B,https://www.google.com/maps/place/?q=place_id:ChIJ_ZvtE6KVwIcRVXo92PHwwMc,2026-09-28T14:50:06Z,rating 5 / 312 reviews; GBP categories: General contractor | Bathroom remodeler | Contractor | Deck builder | Kitchen remodeler | Remodeler
Energy Experts Heating and Cooling,KC,HVAC,Olathe,KS,http://www.energyexpertskc.com/,(913) 777-6201,,,,5-25 (hyp.),no FSM detected publicly; GBP booking link,site unreachable (503),75,B,https://www.google.com/maps/place/?q=place_id:ChIJowSv_7y-wIcRtEEZro-z7GM,2026-09-28T14:45:04Z,rating 5 / 106 reviews; GBP categories: HVAC contractor | Air conditioning contractor | Air conditioning repair service | Furnace repair service | Heating contractor | Insulation contractor
The Flow Doctor LLC.,KC,Plumbing,Lenexa,KS,http://www.kcflowdoctors.com/,(913) 904-6777,,,,5-25 (hyp.),no FSM detected publicly,site unreachable (404),75,B,https://www.google.com/maps/place/?q=place_id:ChIJhSRAJQTtwIcRHb_jxxKjWtE,2026-09-28T14:46:40Z,rating 4.6 / 102 reviews; GBP categories: Plumber | Service establishment
Integrity Roofing Siding Gutters & Windows,KC,Roofing,Lee's Summit,MO,https://www.integrityroofingllc.com/,(660) 333-7998,,,,5-25 (hyp.),no FSM detected publicly,site behind bot-wall (not assessed),75,B,https://www.google.com/maps/place/?q=place_id:ChIJ5bWR5gTgwIcRO5BfFDKdK_8,2026-09-28T14:48:37Z,rating 4.5 / 197 reviews; GBP categories: Roofing contractor | Contractor | Siding contractor | Window installation service
Williams Lakefront Construction,KC,GC,Blue Springs,MO,http://www.williamslakefront.com/,(816) 809-4577,,,,5-25 (hyp.),no FSM detected publicly,site behind bot-wall (not assessed),75,B,https://www.google.com/maps/place/?q=place_id:ChIJ7ZcOmOkbwYcRBFufcl8qTPw,2026-09-28T14:50:22Z,rating 4.9 / 100 reviews; GBP categories: Construction company
Brothers HVAC & Plumbing,KC,HVAC,Olathe,KS,http://www.brothers-hvac.com/,,brothershvac1977@gmail.com,,,5-25 (hyp.),no FSM detected publicly,no click-to-call; no schema markup; no meta description,75,B,https://www.google.com/maps/place/?q=place_id:ChIJ98lojscf7WMRgdiEG6NLApo,2026-09-28T14:45:08Z,email=published on company website; rating 5 / 144 reviews; GBP categories: HVAC contractor
Stone's Handyman Services,KC,Plumbing,Liberty,MO,http://www.stoneshandymanservices.com/,(816) 663-2823,,,,5-25 (hyp.),no FSM detected publicly,site unreachable (ConnectionError),75,B,https://www.google.com/maps/place/?q=place_id:ChIJE1YZSEG80QYR416NMoV7YKE,2026-09-28T14:48:10Z,rating 5 / 102 reviews; GBP categories: Handyman/Handywoman/Handyperson | Service establishment | Lawn irrigation equipment supplier | Plumber
Kingdom Krafters,KC,Roofing,Lee's Summit,MO,https://www.kingdomkrafters.com/,(816) 451-5999,,,,5-25 (hyp.),no FSM detected publicly,site unreachable (403),75,B,https://www.google.com/maps/place/?q=place_id:ChIJq6FwZuNvz4cRLKI-r5HCkTA,2026-09-28T14:48:37Z,rating 4.8 / 246 reviews; GBP categories: Roofing contractor
Fast Guys Remodeling,KC,GC,Blue Springs,MO,https://www.fastguysremodeling.com/,(816) 267-1660,,,,5-25 (hyp.),no FSM detected publicly,site behind bot-wall (not assessed),75,B,https://www.google.com/maps/place/?q=place_id:ChIJtWY0IKo0GwQREjkYFScUyKA,2026-09-28T14:50:24Z,rating 5 / 295 reviews; GBP categories: Kitchen remodeler | Bathroom remodeler | Contractor | Service establishment | Junk removal service
Hoffman Heating and Cooling,KC,HVAC,Lee's Summit,MO,http://hoffmanheatingandcoolingkc.com/,(816) 681-5457,,,,5-25 (hyp.),no FSM detected publicly,site behind bot-wall (not assessed),75,B,https://www.google.com/maps/place/?q=place_id:ChIJw8Zww9j9wIcRiyC49I9DWC0,2026-09-28T14:45:12Z,rating 5 / 276 reviews; GBP categories: HVAC contractor | Air conditioning contractor | Air conditioning repair service | Electrician | Furnace repair service | Heating contractor | Plumber | Repair service
AAA Midwest Roofing,KC,Roofing,Kansas City,KS,https://aaamidwestroofing.com/,(913) 444-5488,,,,5-25 (hyp.),no FSM detected publicly,site behind bot-wall (not assessed),75,B,https://www.google.com/maps/place/?q=place_id:ChIJ066ci5mNwIcRnmoCrHSENO8,2026-09-28T14:48:50Z,rating 4.8 / 145 reviews; GBP categories: Roofing contractor | Construction company | General contractor | Roofing supply store | Siding contractor | Window supplier
Hearthside Homes,KC,GC,Liberty,MO,http://www.hearthsidekc.com/,(816) 781-0234,info@hearthside-kc.com,Dennis Shriver,President (per company website),15-60 (hyp.),no FSM detected publicly; GBP booking link; CMS: WordPress,,75,B,https://www.google.com/maps/place/?q=place_id:ChIJdUn2nMr4wIcR1wmWbNEh4pY,2026-09-28T14:50:29Z,contact=named on company website; email=published on company website; rating 4.9 / 639 reviews; GBP categories: Home builder
One Call Heating and Cooling,KC,HVAC,Lee's Summit,MO,http://www.onecallhc.net/,(816) 550-1492,1callhc@gmail.com,Sam Willey,Owner (per company website),5-25 (hyp.),no FSM detected publicly; CMS: Squarespace,,75,B,https://www.google.com/maps/place/?q=place_id:ChIJSc7IcnghwYcR_UAvE6Pv08c,2026-09-28T14:45:12Z,contact=named on company website; email=published on company website; rating 4.9 / 173 reviews; GBP categories: HVAC contractor
Agape Grace Roofing,KC,Roofing,Kansas City,KS,http://www.agroofingservices.com/,(913) 800-3788,,,,5-25 (hyp.),no FSM detected publicly,site behind bot-wall (not assessed),75,B,https://www.google.com/maps/place/?q=place_id:ChIJURDkJB_zwIcR5CMIS9eUS4w,2026-09-28T14:49:08Z,rating 5 / 109 reviews; GBP categories: Roofing contractor | Gutter cleaning service | Siding contractor
Corum Plumbing Heating & Cooling,KC,HVAC,Lee's Summit,MO,https://corumplumbing.com/,(816) 267-0820,,,,15-60 (hyp.),no FSM detected publicly,site behind bot-wall (not assessed),75,B,https://www.google.com/maps/place/?q=place_id:ChIJ_Svar2IUKS8RnYIo5apiv-Y,2026-09-28T14:45:12Z,rating 4.9 / 951 reviews; GBP categories: HVAC contractor | Plumber
"Raynestorm Co., LLC",KC,Roofing,Blue Springs,MO,https://www.raynestormco.com/,(816) 750-6476,,,,5-25 (hyp.),no FSM detected publicly; GBP booking link,site unreachable (403),75,B,https://www.google.com/maps/place/?q=place_id:ChIJx8NcpcgbwYcRFnIGcZL27L0,2026-09-28T14:49:12Z,rating 4.8 / 353 reviews; GBP categories: Roofing contractor | Gutter service | Remodeler | Siding contractor | Window installation service
LBA Services,KC,HVAC,Lee's Summit,MO,https://www.lbaservices.com/,(816) 323-0350,,,,5-25 (hyp.),no FSM detected publicly,site unreachable (403),75,B,https://www.google.com/maps/place/?q=place_id:ChIJL61KvLUfwYcRMyWbLY6TMP8,2026-09-28T14:45:12Z,rating 4.9 / 250 reviews; GBP categories: HVAC contractor | Air conditioning contractor | Air conditioning repair service | Air conditioning system supplier | Furnace repair service | Heating contractor | Heating equipment supplier | Plumber | Water filter supplier | Water softening equipment supplier
Weather Tech Renovations LLC,KC,Roofing,Blue Springs,MO,https://www.wtrenovations.com/,(816) 988-8957,,,,5-25 (hyp.),no FSM detected publicly,site behind bot-wall (not assessed),75,B,https://www.google.com/maps/place/?q=place_id:ChIJP6tYvesbwYcR05s6vYWlzPo,2026-09-28T14:49:12Z,rating 4.9 / 167 reviews; GBP categories: Roofing contractor | Siding contractor | Window installation service
"Hometown Heroes Heating, Cooling, & Plumbing",KC,HVAC,Raytown,MO,https://hometownheroeskc.com/,(816) 470-3056,,,,5-25 (hyp.),no FSM detected publicly,site behind bot-wall (not assessed),75,B,https://www.google.com/maps/place/?q=place_id:ChIJ11k18ILhwIcRxft2R-uJseU,2026-09-28T14:45:14Z,rating 4.9 / 380 reviews; GBP categories: HVAC contractor | Air conditioning repair service | Furnace repair service | Plumber
Liberty Roofing Siding Gutters & Windows,KC,Roofing,Liberty,MO,https://www.libertyroofingkc.com/,(816) 415-3551,,,,5-25 (hyp.),no FSM detected publicly; GBP booking link,site unreachable (403),75,B,https://www.google.com/maps/place/?q=place_id:ChIJT9MkBmdVwIcRewJCTnnA-6I,2026-09-28T14:49:19Z,rating 4.7 / 161 reviews; GBP categories: Roofing contractor | Siding contractor | Skylight contractor | Window installation service
Ted's,KC,HVAC,Independence,MO,http://www.tedsheatingandcooling.com/,(816) 796-1800,,,,5-25 (hyp.),no FSM detected publicly,site behind bot-wall (not assessed),75,B,https://www.google.com/maps/place/?q=place_id:ChIJAwXJfTADwYcRuCeLuG3if9s,2026-09-28T14:45:19Z,rating 4.9 / 158 reviews; GBP categories: HVAC contractor | Air conditioning contractor | Air conditioning repair service | Furnace repair service | Heating contractor
Elite Master Contractors,KC,Roofing,Liberty,MO,http://elitemastercontractors.com/,(816) 707-7663,,,,5-25 (hyp.),no FSM detected publicly; CMS: GoDaddy Builder,no schema markup; stale footer ©2017; no online booking/quote CTA,75,B,https://www.google.com/maps/place/?q=place_id:ChIJmWUgU7n_wIcR_t_0VUpYY7s,2026-09-28T14:49:19Z,rating 5 / 111 reviews; GBP categories: Roofing contractor | General contractor | Siding contractor
Prayco Plumbing Heating and Cooling,KC,HVAC,Blue Springs,MO,https://praycophc.com/hvac-contractor-blue-springs-mo,(816) 330-2640,,,,5-25 (hyp.),no FSM detected publicly,site unreachable (ConnectionError),75,B,https://www.google.com/maps/place/?q=place_id:ChIJt9cx374dwYcRJXNktYGkqzI,2026-09-28T14:45:47Z,rating 4.7 / 173 reviews; GBP categories: HVAC contractor | Air conditioning contractor | Air conditioning repair service | Furnace repair service | Heating contractor
Freedom Roofing KC,KC,Roofing,Kearney,MO,https://freedomroofingkc.com/,(816) 673-5424,,,,5-25 (hyp.),no FSM detected publicly,site unreachable (ConnectionError),75,B,https://www.google.com/maps/place/?q=place_id:ChIJt3u9aqVbZ0gRvmJMy4WSKhs,2026-09-28T14:49:19Z,rating 5 / 128 reviews; GBP categories: Roofing contractor
All About Comfort Heating and Cooling,KC,HVAC,Blue Springs,MO,https://www.allaboutcomfortheatingandcooling.com/,(816) 847-5557,,,,15-60 (hyp.),no FSM detected publicly; GBP booking link,site unreachable (403),75,B,https://www.google.com/maps/place/?q=place_id:ChIJtZUcQk0awYcRXZ7Se_IZi9c,2026-09-28T14:45:47Z,rating 4.8 / 617 reviews; GBP categories: HVAC contractor | Air conditioning repair service | Service establishment | Furnace repair service | Heating contractor
Ideal Temp Heating & Cooling,KC,HVAC,Grain Valley,MO,https://idealtempkc.com/,(816) 290-6161,,,,15-60 (hyp.),no FSM detected publicly,site behind bot-wall (not assessed),75,B,https://www.google.com/maps/place/?q=place_id:ChIJ5z0JHkj9wIcRCAchdKGbcjk,2026-09-28T14:45:49Z,rating 4.8 / 480 reviews; GBP categories: HVAC contractor | Air conditioning contractor | Air conditioning repair service | Furnace repair service | Heating contractor
Air Unlimited Heating & Cooling,KC,HVAC,Liberty,MO,https://airunlimitedkc.com/,(816) 290-6464,,,,15-60 (hyp.),no FSM detected publicly; GBP booking link,site behind bot-wall (not assessed),75,B,https://www.google.com/maps/place/?q=place_id:ChIJYynTGJtVwIcRT_nmYJ14x30,2026-09-28T14:45:53Z,rating 4.9 / 973 reviews; GBP categories: HVAC contractor | Air conditioning contractor | Air conditioning system supplier | Air filter supplier | Furnace repair service | Heating contractor | Hot water system supplier | Air conditioning repair service | Water filter supplier
1st Priority Heating & Cooling and Construction,KC,HVAC,Liberty,MO,https://www.1stpriorityheatingandcooling.com/,(816) 785-3126,,,,5-25 (hyp.),no FSM detected publicly,site behind bot-wall (not assessed),75,B,https://www.google.com/maps/place/?q=place_id:ChIJc0jyoWAN5QsRtzDF9lLGdic,2026-09-28T14:45:53Z,rating 4.9 / 210 reviews; GBP categories: HVAC contractor | Air conditioning contractor | Air conditioning repair service | Air duct cleaning service | Service establishment | Furnace repair service | Heating contractor
Metro Heating and Air KC,KC,HVAC,Liberty,MO,https://www.kcmetroair.net/,(816) 535-8000,,,,5-25 (hyp.),no FSM detected publicly; GBP booking link,site unreachable (404),75,B,https://www.google.com/maps/place/?q=place_id:ChIJAQCMxIJVwIcROT1zYg4dlWU,2026-09-28T14:45:53Z,rating 4.8 / 264 reviews; GBP categories: HVAC contractor | Air conditioning contractor | Service establishment | Heating contractor
"The Gentleman Plumbing, Heating & Cooling",KC,HVAC,Olathe,KS,http://thegentlemanplumberkc.com/,(913) 250-9935,,,,15-60 (hyp.),no FSM detected publicly,site unreachable (409),75,B,https://www.google.com/maps/place/?q=place_id:ChIJAwlL9cxQDqMRwx007ACcrkE,2026-09-28T14:46:10Z,rating 4.9 / 471 reviews; GBP categories: Plumber | Air conditioning contractor | Air conditioning repair service | Contractor | Drainage service | Excavating contractor | Furnace repair service | Heating contractor | HVAC contractor | Repair service
Climate Doctors,DFW,GC,Richardson,TX,http://www.climatedoctors.net/,(214) 972-1501,,,,5-25 (hyp.),no FSM detected publicly,site unreachable (ConnectionError),75,B,https://www.google.com/maps/place/?q=place_id:ChIJWYnN-QcfTIYRkJiQz2R13jU,2026-09-28T14:51:55Z,rating 4.8 / 142 reviews; GBP categories: Air duct cleaning service | Insulation contractor
Passion Lighting,DFW,GC,Grapevine,TX,http://www.passionlighting.com/,(817) 310-3261,,,,5-25 (hyp.),no FSM detected publicly,site behind bot-wall (not assessed),75,B,https://www.google.com/maps/place/?q=place_id:ChIJg7IhP8vUTYYRobbXnceLj_4,2026-09-28T14:55:05Z,rating 4.5 / 200 reviews; GBP categories: Lighting store | Bathroom remodeler | Home improvement store | Kitchen remodeler | Landscape lighting designer
DFW Superior Drywall Pros of Fort Worth,DFW,GC,Fort Worth,TX,https://dfwsuperiordrywallpros.com/drywall-repair-fort-worth/,(817) 383-0427,,,,5-25 (hyp.),no FSM detected publicly,site behind bot-wall (not assessed),75,B,https://www.google.com/maps/place/?q=place_id:ChIJWeLB-b1xToYRAhNOUxmH8Xc,2026-09-28T14:57:19Z,rating 5 / 175 reviews; GBP categories: Dry wall contractor
Plumb Shield Plumbing,DFW,Plumbing,Fort Worth,TX,https://www.plumbshieldplumbingllc.com/,(817) 773-7966,,,,5-25 (hyp.),no FSM detected publicly; GBP booking link,site unreachable (ConnectionError),75,B,https://www.google.com/maps/place/?q=place_id:ChIJYWldUooNToYRgbZYYYuMf6I,2026-09-28T14:52:16Z,rating 4.8 / 100 reviews; GBP categories: Plumber | Drainage service
Ace Handyman Services Collin County,DFW,GC,Plano,TX,https://www.acehandymanservices.com/offices/collin-county,(214) 305-8223,,,,5-25 (hyp.),no FSM detected publicly; GBP booking link,site behind bot-wall (not assessed),75,B,https://www.google.com/maps/place/?q=place_id:ChIJ7aQbIYQVTIYRw81NUo8MC4M,2026-09-28T14:57:29Z,rating 4.8 / 189 reviews; GBP categories: Handyman/Handywoman/Handyperson | Bathroom remodeler | Contractor | Flooring contractor | General contractor | Kitchen remodeler | Painter | Tile contractor
Plumb Shield Plumbing,DFW,Plumbing,Fort Worth,TX,https://www.plumbshieldplumbingllctx.com/,(817) 773-7966,,,,5-25 (hyp.),no FSM detected publicly; GBP booking link,site unreachable (ReadTimeout),75,B,https://www.google.com/maps/place/?q=place_id:ChIJnybjvH9zToYRptyfZJ24zrM,2026-09-28T14:52:16Z,rating 5 / 123 reviews; GBP categories: Plumber
API Contracting & Remodeling,DFW,GC,Arlington,TX,https://apiremodel.com/,(214) 751-8793,,,,15-60 (hyp.),no FSM detected publicly,site unreachable (ReadTimeout),75,B,https://www.google.com/maps/place/?q=place_id:ChIJn7_tC_59ToYRYtfCEuP_mQw,2026-09-28T14:57:33Z,rating 5 / 430 reviews; GBP categories: General contractor | Bathroom remodeler | Remodeler | Home builder | Kitchen remodeler
ABC Plumbing,DFW,Plumbing,Watauga,TX,https://www.abcplumbingtx.com/,(817) 427-3222,,,,5-25 (hyp.),no FSM detected publicly,site unreachable (403),75,B,https://www.google.com/maps/place/?q=place_id:ChIJB_E95hx4ToYR9RkxnbPO7To,2026-09-28T14:52:16Z,rating 4.9 / 239 reviews; GBP categories: Plumber | Drainage service
Beautiful Backyard Living,DFW,GC,Frisco,TX,https://beautifulbackyardliving.com/,(972) 974-3515,,,,15-60 (hyp.),no FSM detected publicly,site unreachable (429),75,B,https://www.google.com/maps/place/?q=place_id:ChIJU8RTd9w7TIYR_ebmu-FFJI4,2026-09-28T14:57:42Z,rating 4.8 / 902 reviews; GBP categories: Contractor | Carpenter | Concrete contractor | Construction company | Gazebo builder | Masonry contractor
Dean’s Plumbing,DFW,Plumbing,Richardson,TX,https://www.deansplumbingtx.com/richardson-plumbers/,(972) 231-5509,,,,5-25 (hyp.),no FSM detected publicly; GBP booking link,site unreachable (403),75,B,https://www.google.com/maps/place/?q=place_id:ChIJj5vE6HcfTIYREqJ_parvVys,2026-09-28T14:52:24Z,rating 4.8 / 110 reviews; GBP categories: Plumber | Bathroom remodeler | Drainage service | Kitchen remodeler | Water softening equipment supplier
MJ Construction Services LLC,DFW,GC,McKinney,TX,http://mj-constructionservices.com/,(619) 317-9448,,,,5-25 (hyp.),no FSM detected publicly,site unreachable (ReadTimeout),75,B,https://www.google.com/maps/place/?q=place_id:ChIJny6IW6eYvaURtikRt77qkiY,2026-09-28T14:57:45Z,rating 4.9 / 107 reviews; GBP categories: General contractor | Carport and pergola builder | Concrete contractor | Service establishment | Landscaper
The Plumbing Service,DFW,Plumbing,Arlington,TX,http://www.theplumbingservice.com/,(817) 225-2153,,,,5-25 (hyp.),no FSM detected publicly,site unreachable (ConnectionError),75,B,https://www.google.com/maps/place/?q=place_id:ChIJq6qqqtZiToYRxphBEpYVpwE,2026-09-28T14:52:32Z,rating 5 / 204 reviews; GBP categories: Plumber
Douglas Electrical Services,DFW,Electrical,Fort Worth,TX,https://www.douglaselectricalservices.net/,(817) 657-1341,,,,5-25 (hyp.),no FSM detected publicly,site behind bot-wall (not assessed),75,B,https://www.google.com/maps/place/?q=place_id:ChIJr2el4qgSToYRjZLDnKVaP50,2026-09-28T14:53:57Z,rating 4.9 / 180 reviews; GBP categories: Electrician
Vantex Construction & Remodeling,DFW,GC,Garland,TX,https://rsdbeo.readdy.co/,(469) 254-4779,,,,5-25 (hyp.),no FSM detected publicly,site behind bot-wall (not assessed),75,B,https://www.google.com/maps/place/?q=place_id:ChIJ3cGzBQ9xDykR1647bLim_v0,2026-09-28T14:57:58Z,rating 4.9 / 208 reviews; GBP categories: General contractor | Remodeler
Go Pro Plumbing,DFW,Plumbing,Little Elm,TX,https://goproplumbingtx.com/,(469) 845-0305,,,,5-25 (hyp.),no FSM detected publicly,site unreachable (ProxyError),75,B,https://www.google.com/maps/place/?q=place_id:ChIJO5x4L4Y3TIYRdeMqAqU3Euc,2026-09-28T14:52:40Z,rating 4.9 / 148 reviews; GBP categories: Plumber
Archetype Electric,DFW,Electrical,Plano,TX,https://www.archetypeelectric.com/,(972) 503-9357,,,,5-25 (hyp.),no FSM detected publicly,site unreachable (404),75,B,https://www.google.com/maps/place/?q=place_id:ChIJA57X-UD2IGgRCfJJkcSBWr0,2026-09-28T14:54:04Z,rating 4.9 / 150 reviews; GBP categories: Electrician | Electric vehicle charging station contractor | Electrical installation service | Service establishment | Lighting contractor
New Bathroom Remodeling Technologies,DFW,GC,Denton,TX,https://www.newbathtech.com/bathroom-remodeling-denton-tx/,(469) 956-6695,,,,5-25 (hyp.),no FSM detected publicly,site behind bot-wall (not assessed),75,B,https://www.google.com/maps/place/?q=place_id:ChIJ88LYVBHLTYYRxnUVjn06wOs,2026-09-28T14:58:06Z,rating 5 / 144 reviews; GBP categories: Bathroom remodeler
JMP Plumbing Services,DFW,Plumbing,McKinney,TX,https://jmpplumbingservices.com/,(469) 337-3725,,,,5-25 (hyp.),no FSM detected publicly,site behind bot-wall (not assessed),75,B,https://www.google.com/maps/place/?q=place_id:ChIJ7d7gPRMTTIYRc41CQJ0Xcbw,2026-09-28T14:52:45Z,rating 4.9 / 216 reviews; GBP categories: Plumber | Drainage service | Gas installation service | Hot water system supplier
CitySquad Electrical,DFW,Electrical,Richardson,TX,https://citysquadelectrical.com/,(972) 757-4274,,,,5-25 (hyp.),no FSM detected publicly,site unreachable (429),75,B,https://www.google.com/maps/place/?q=place_id:ChIJq6omnEgfTIYRoYtay3cNgxc,2026-09-28T14:54:07Z,rating 4.9 / 126 reviews; GBP categories: Electrical installation service
Superior Attic,DFW,GC,Denton,TX,https://www.superiorattic.com/areas-we-serve/denton-insulation-services,(940) 312-7598,,,,5-25 (hyp.),no FSM detected publicly,site unreachable (404),75,B,https://www.google.com/maps/place/?q=place_id:ChIJHV8WPQHLTYYRccCFIdnyK2Y,2026-09-28T14:58:08Z,rating 5 / 167 reviews; GBP categories: Insulation contractor
IC Plumbing,DFW,Plumbing,Irving,TX,http://www.icplumbing.org/,(214) 223-5399,,,,5-25 (hyp.),no FSM detected publicly,site unreachable (404),75,B,https://www.google.com/maps/place/?q=place_id:ChIJgwDqKsAnTIYRNI8a5v2I4P4,2026-09-28T14:52:53Z,rating 5 / 261 reviews; GBP categories: Plumber | Service establishment
Priority Roofing,DFW,Roofing,Dallas,TX,https://priorityroofs.com/location/dallas/,(469) 615-8193,albuquerque@priorityroofs.com,Will Miller,Owner (per company website),15-60 (hyp.),no FSM detected publicly; GBP booking link; CMS: WordPress,,75,B,https://www.google.com/maps/place/?q=place_id:ChIJ362kdXylToYRBMNOxMPKQEs,2026-09-28T14:55:31Z,contact=named on company website; email=published on company website; rating 5 / 1000 reviews; GBP categories: Roofing contractor
Blue Line Electrical Repair & EV Charger Installations,DFW,Electrical,Allen,TX,http://bluelineelectrictx.com/,(469) 966-1542,,,,5-25 (hyp.),no FSM detected publicly,site unreachable (403),75,B,https://www.google.com/maps/place/?q=place_id:ChIJO4sBCy0XTIYRMgOSv62aMXY,2026-09-28T14:54:07Z,rating 5 / 332 reviews; GBP categories: Electrician | Electric vehicle charging station contractor | Electrical installation service | Landscape lighting designer | Lighting consultant | Lighting contractor | Security system installation service
Ace Handyman Services Carrollton Irving,DFW,GC,Carrollton,TX,https://www.acehandymanservices.com/offices/north-irving-carrollton-richardson,(469) 213-6925,,,,5-25 (hyp.),no FSM detected publicly; GBP booking link,site behind bot-wall (not assessed),75,B,https://www.google.com/maps/place/?q=place_id:ChIJyUhQSGQnTIYRE6kF12EZdzE,2026-09-28T14:58:15Z,rating 4.8 / 132 reviews; GBP categories: Handyman/Handywoman/Handyperson | Bathroom remodeler | Contractor | Dry wall contractor | Fence contractor | Flooring contractor | Insulation contractor | Kitchen remodeler | Painter | Tile contractor
Military Plumbing,DFW,Plumbing,Garland,TX,https://www.militaryplumbing.com/plumber-garland-tx,(972) 698-4416,,,,5-25 (hyp.),no FSM detected publicly,site behind bot-wall (not assessed),75,B,https://www.google.com/maps/place/?q=place_id:ChIJa63K3WOnToYRPBwDBOolLw4,2026-09-28T14:52:58Z,rating 4.8 / 350 reviews; GBP categories: Plumber | Contractor
Arrington Roofing,DFW,Roofing,Dallas,TX,https://arringtonroofing.com/,(469) 621-9622,info@arringtonroofing.com,Chris Arrington,Founder (per company website),5-25 (hyp.),no FSM detected publicly; GBP booking link; mkt: CallRail,,75,B,https://www.google.com/maps/place/?q=place_id:ChIJVe3qQYKZToYRLD6wecHlvlI,2026-09-28T14:55:31Z,contact=named on company website; email=published on company website; rating 4.9 / 361 reviews; GBP categories: Roofing contractor
"The King's Electric, LLC",DFW,Electrical,Arlington,TX,https://www.thekingsep.com/,(817) 308-6444,,,,5-25 (hyp.),no FSM detected publicly,site behind bot-wall (not assessed),75,B,https://www.google.com/maps/place/?q=place_id:ChIJxa2_a3t9ToYRGFpChpp1NLE,2026-09-28T14:54:10Z,rating 5 / 240 reviews; GBP categories: Electrician
Fernando General Remodeling,DFW,GC,Mesquite,TX,http://remodelingdallasnow.com/,(214) 289-6734,,,,5-25 (hyp.),no FSM detected publicly,site unreachable (ReadTimeout),75,B,https://www.google.com/maps/place/?q=place_id:ChIJXWJrifOlToYRzgAKmk1QkPM,2026-09-28T14:58:27Z,rating 5 / 297 reviews; GBP categories: General contractor | Bathroom remodeler | Remodeler | Kitchen remodeler
Jensen Plumbing LLC,DFW,Plumbing,Denton,TX,https://www.jensenplumbingllc.com/,(214) 287-0445,,,,5-25 (hyp.),no FSM detected publicly,site behind bot-wall (not assessed),75,B,https://www.google.com/maps/place/?q=place_id:ChIJpUFtcm61TYYRbMcA6Gsvqv4,2026-09-28T14:53:08Z,rating 4.9 / 271 reviews; GBP categories: Plumber | Drainage service | Service establishment | Repair service
AM Roofing and Remodeling,DFW,Roofing,Dallas,TX,http://www.amroofingdfw.com/,(972) 880-1871,,,,5-25 (hyp.),no FSM detected publicly,no click-to-call; no schema markup; weak/missing title; no meta description; no online booking/quote CTA,75,B,https://www.google.com/maps/place/?q=place_id:ChIJs9Kb80KZToYRMs-a4Wpptoc,2026-09-28T14:55:33Z,rating 5 / 70 reviews; GBP categories: Roofing contractor | Construction company | Gutter service
White Electric,DFW,Electrical,Lewisville,TX,http://www.white-electric.com/,(972) 436-5020,,,,5-25 (hyp.),no FSM detected publicly,site unreachable (403),75,B,https://www.google.com/maps/place/?q=place_id:ChIJj-UpHxQuTIYRUXu7AhYR3oA,2026-09-28T14:54:16Z,rating 4.9 / 132 reviews; GBP categories: Electrician | Electrical installation service | Lighting contractor
FCO EXCAVATION SERVICES,DFW,GC,Mesquite,TX,https://fcoexcavationdfw.com/,(972) 589-1876,,,,15-60 (hyp.),no FSM detected publicly,site unreachable (SSLError),75,B,https://www.google.com/maps/place/?q=place_id:ChIJdfHwfJmlToYRjhVOEp2Fqvg,2026-09-28T14:58:27Z,rating 5 / 525 reviews; GBP categories: Excavating contractor
Herndon McFarland Plumbing,DFW,Plumbing,Addison,TX,https://www.hmcplumbing.com/,(972) 421-8848,,,,5-25 (hyp.),no FSM detected publicly; GBP booking link,site unreachable (403),75,B,https://www.google.com/maps/place/?q=place_id:ChIJAV-KG8omTIYRdkTuIrYN7lE,2026-09-28T14:53:16Z,rating 4.7 / 189 reviews; GBP categories: Plumber | Drainage service | Gas installation service | Gasfitter | Hot water system supplier
Top Rated Roofing,DFW,Roofing,Fort Worth,TX,http://www.topratedroofing.com/,(817) 808-7304,,,,5-25 (hyp.),no FSM detected publicly,site unreachable (429),75,B,https://www.google.com/maps/place/?q=place_id:ChIJfUCHP38SToYRO52wcSGOGGY,2026-09-28T14:55:40Z,rating 5 / 140 reviews; GBP categories: Roofing contractor
Blue Line Electric,DFW,Electrical,McKinney,TX,http://bluelineelectrictx.com/,(469) 871-8114,,,,15-60 (hyp.),no FSM detected publicly; GBP booking link,site unreachable (403),75,B,https://www.google.com/maps/place/?q=place_id:ChIJsS3_SJwMTIYRlsgNOxfAt_Y,2026-09-28T14:54:24Z,rating 4.9 / 834 reviews; GBP categories: Electrician | Electric vehicle charging station contractor | Electrical installation service | Landscape lighting designer | Lighting consultant | Lighting contractor
All in 1 Handyman,DFW,GC,Richardson,TX,https://allin1dallas.com/,(972) 897-4755,,,,5-25 (hyp.),no FSM detected publicly,site behind bot-wall (not assessed),75,B,https://www.google.com/maps/place/?q=place_id:ChIJkVhEmFMcTIYRDXOH5D5aarU,2026-09-28T14:58:37Z,rating 4.8 / 189 reviews; GBP categories: Handyman/Handywoman/Handyperson | Bathroom remodeler | Carpenter | Dry wall contractor | Kitchen remodeler | Painter | Property maintenance | Tile contractor | Water damage restoration service | Window installation service
Saving Grace Plumbing,DFW,Plumbing,Rowlett,TX,https://savinggraceplumbing.com/,(214) 299-9223,,,,15-60 (hyp.),no FSM detected publicly; GBP booking link,site unreachable (403),75,B,https://www.google.com/maps/place/?q=place_id:ChIJC8iNaW2rToYRTv_fjSxEYqg,2026-09-28T14:53:28Z,rating 4.7 / 1133 reviews; GBP categories: Plumber | Drainage service | Hot water system supplier
Absolute Construction,DFW,Roofing,Plano,TX,https://www.absoluteroofingcompany.net/,(972) 596-0159,,,,5-25 (hyp.),no FSM detected publicly,site behind bot-wall (not assessed),75,B,https://www.google.com/maps/place/?q=place_id:ChIJCTu5l4QdTIYR0FGgvSDbuP0,2026-09-28T14:55:44Z,rating 4.9 / 172 reviews; GBP categories: Roofing contractor | Construction company | General contractor | Gutter cleaning service
MCVK ELECTRIC,DFW,Electrical,Irving,TX,https://www.mcvkelectric.com/,(469) 427-0937,,,,5-25 (hyp.),no FSM detected publicly,site unreachable (520),75,B,https://www.google.com/maps/place/?q=place_id:ChIJBTbdUR6FToYRxjSM9uCTLf8,2026-09-28T14:54:31Z,rating 4.9 / 218 reviews; GBP categories: Electrician | Electrical installation service | Service establishment | Repair service
Ace Handyman Services Mansfield,DFW,GC,Mansfield,TX,https://www.acehandymanservices.com/offices/mansfield,(817) 286-3285,,,,5-25 (hyp.),no FSM detected publicly; GBP booking link,site behind bot-wall (not assessed),75,B,https://www.google.com/maps/place/?q=place_id:ChIJ5dMPW0xhToYRf-_fzULE6mo,2026-09-28T14:58:45Z,rating 4.8 / 349 reviews; GBP categories: Handyman/Handywoman/Handyperson | Kitchen remodeler | Woodworker
U.S. Plumbing and Remodeling,DFW,Plumbing,Balch Springs,TX,https://www.usplumbingrepairs.com/,(214) 200-6116,,,,5-25 (hyp.),no FSM detected publicly,site behind bot-wall (not assessed),75,B,https://www.google.com/maps/place/?q=place_id:ChIJC4Sw6e-lToYR8ETYlwNi4E0,2026-09-28T14:53:30Z,rating 4.9 / 202 reviews; GBP categories: Plumber | Bathroom remodeler | Drainage service | Gas installation service | Water testing service
Rivertop Roofing,DFW,Roofing,Plano,TX,https://www.rivertoproofing.com/,(888) 909-5424,,,,5-25 (hyp.),no FSM detected publicly; GBP booking link,site behind bot-wall (not assessed),75,B,https://www.google.com/maps/place/?q=place_id:ChIJL0rBUeAXTIYRT0smYRykP6M,2026-09-28T14:55:44Z,rating 4.9 / 279 reviews; GBP categories: Roofing contractor | General contractor
Safe Plug Electric Garland,DFW,Electrical,Garland,TX,https://safeplugelectric.com/,(214) 380-0034,,,,5-25 (hyp.),no FSM detected publicly,site behind bot-wall (not assessed),75,B,https://www.google.com/maps/place/?q=place_id:ChIJjfAkZ8mPdCIR14eslEvhOvM,2026-09-28T14:54:39Z,rating 4.9 / 148 reviews; GBP categories: Electrician
Fixer,DFW,Plumbing,Richardson,TX,https://fixer.com/hourly-handywork/,(855) 583-4937,,,,5-25 (hyp.),no FSM detected publicly,site unreachable (404),75,B,https://www.google.com/maps/place/?q=place_id:ChIJuaFEu76ZToYRz3BKPwIunzA,2026-09-28T14:55:19Z,rating 4.7 / 213 reviews; GBP categories: Electrician | Dry wall contractor | Handyman/Handywoman/Handyperson | Plumber
Builders,DFW,Roofing,Plano,TX,https://restorbuilders.com/locations/plano-texas/,(214) 823-7663,,,,5-25 (hyp.),no FSM detected publicly,site unreachable (404),75,B,https://www.google.com/maps/place/?q=place_id:ChIJK6Z7836cToYRAeGf8yq08qU,2026-09-28T14:55:46Z,rating 4.7 / 125 reviews; GBP categories: Roofing contractor | Contractor | Siding contractor | Skylight contractor | Solar energy system service | Water damage restoration service | Window installation service
Delaluz Electric,DFW,Electrical,Denton,TX,https://delaluzelectric.com/,(214) 972-5706,,,,5-25 (hyp.),no FSM detected publicly,no click-to-call; no schema markup; weak/missing title,75,B,https://www.google.com/maps/place/?q=place_id:ChIJeazu58NuvQ0RA7eRGPeBacI,2026-09-28T14:54:46Z,rating 5 / 129 reviews; GBP categories: Electrician | Service establishment
Circle D Construction,DFW,Plumbing,Fort Worth,TX,https://www.getcircled.com/,(817) 410-8000,,,,5-25 (hyp.),no FSM detected publicly; GBP booking link,site behind bot-wall (not assessed),75,B,https://www.google.com/maps/place/?q=place_id:ChIJ5RXUtyQrTIYRRXqGorCFFcE,2026-09-28T14:57:19Z,rating 4.7 / 137 reviews; GBP categories: Retaining wall supplier | Deck builder | Drainage service | Lawn sprinkler system contractor | Patio enclosure supplier
Qualis Roofing & Construction,DFW,Roofing,Arlington,TX,https://www.qualisgc.com/roofing-contractor-arlington/,(817) 500-9008,,,,5-25 (hyp.),no FSM detected publicly; GBP booking link,site behind bot-wall (not assessed),75,B,https://www.google.com/maps/place/?q=place_id:ChIJ1QKCNK19ToYRQI_zUSgXrJI,2026-09-28T14:55:51Z,rating 4.9 / 114 reviews; GBP categories: Roofing contractor
KLT Electric,DFW,Electrical,Grapevine,TX,https://www.kltelectric.com/,(682) 553-9288,,,,5-25 (hyp.),no FSM detected publicly,site behind bot-wall (not assessed),75,B,https://www.google.com/maps/place/?q=place_id:ChIJD2WNFvXUTYYRZAwxqLk8Axg,2026-09-28T14:55:02Z,rating 5 / 199 reviews; GBP categories: Electrician
D. Bassett Roofing & Renovation,DFW,Roofing,Arlington,TX,https://dbassettroofing.com/,(817) 265-7444,info@dbassettroofing.com,Don Bassett,Owner (per company website),5-25 (hyp.),no FSM detected publicly; mkt: HubSpot; CMS: WordPress,,75,B,https://www.google.com/maps/place/?q=place_id:ChIJvTD94DF9ToYRMA6ikuHXaQU,2026-09-28T14:55:51Z,contact=named on company website; email=published on company website; rating 4.9 / 170 reviews; GBP categories: Roofing contractor | Bathroom remodeler | Contractor | Dry wall contractor | Flooring contractor | Kitchen remodeler | Painting | Patio enclosure supplier | Remodeler | Sunroom contractor
"Electricowork, LLC",DFW,Electrical,Mesquite,TX,http://www.electricowork.com/,(214) 468-4041,,,,5-25 (hyp.),no FSM detected publicly; GBP booking link,site unreachable (ConnectionError),75,B,https://www.google.com/maps/place/?q=place_id:ChIJnXFpV-WkToYRcsWO2h0fNnw,2026-09-28T14:55:08Z,rating 5 / 104 reviews; GBP categories: Electrician | Electric vehicle charging station contractor | Electrical installation service | Lighting contractor
MyPro Construction & Roofing,DFW,Roofing,Arlington,TX,https://www.myproconstruction.com/,(972) 576-6352,office@myproconstruction.com,Bobby Andrews,General Manager (per company website),5-25 (hyp.),no FSM detected publicly; CMS: WordPress,,75,B,https://www.google.com/maps/place/?q=place_id:ChIJVVVJfH59ToYRDFIdpCukrA4,2026-09-28T14:55:54Z,contact=named on company website; email=published on company website; rating 5 / 188 reviews; GBP categories: Roofing contractor | Painting | Window installation service
BH3 Residential and Commercial Electricians,DFW,Electrical,Mesquite,TX,https://bh3ind.com/mesquite/,(972) 761-1973,,,,5-25 (hyp.),no FSM detected publicly; GBP booking link,site behind bot-wall (not assessed),75,B,https://www.google.com/maps/place/?q=place_id:ChIJ1-xkuyCtToYRYxJx5n_bcMQ,2026-09-28T14:55:08Z,rating 5 / 220 reviews; GBP categories: Electrician | Electric vehicle charging station contractor | Electrical installation service
"Touchstone Construction, LLC",DFW,Roofing,Frisco,TX,https://touchstoneroofing.com/,(972) 433-0396,,,,15-60 (hyp.),no FSM detected publicly; GBP booking link,site unreachable (403),75,B,https://www.google.com/maps/place/?q=place_id:ChIJhyTwPLsxTIYRMh1l8-LWbew,2026-09-28T14:55:58Z,rating 5 / 422 reviews; GBP categories: Roofing contractor
ElectraTex,DFW,Electrical,Mansfield,TX,https://www.electratex.com/,(469) 792-4465,,,,5-25 (hyp.),no FSM detected publicly,site behind bot-wall (not assessed),75,B,https://www.google.com/maps/place/?q=place_id:ChIJ3wCz2dp4DosRG1Pm9n9jt9I,2026-09-28T14:55:23Z,rating 5 / 113 reviews; GBP categories: Electrician
Tx Platinum Construction,DFW,Roofing,Frisco,TX,https://txpworks.com/,(214) 682-3400,,,,5-25 (hyp.),no FSM detected publicly,site unreachable (429),75,B,https://www.google.com/maps/place/?q=place_id:ChIJ38YXH2cjTIYRYhOUoqlSBDA,2026-09-28T14:55:58Z,rating 5 / 249 reviews; GBP categories: Roofing contractor
Banner Roofing & Construction,DFW,Roofing,Frisco,TX,https://www.banner-roofing.com/,(682) 207-1586,,,,5-25 (hyp.),no FSM detected publicly,site behind bot-wall (not assessed),75,B,https://www.google.com/maps/place/?q=place_id:ChIJtR3taGA5TIYR8O-3B--c_yk,2026-09-28T14:55:58Z,rating 5 / 124 reviews; GBP categories: Roofing contractor
High Performance Roofing,DFW,Roofing,Frisco,TX,https://hprtexas.com/,(469) 225-2559,,,,5-25 (hyp.),no FSM detected publicly,site behind bot-wall (not assessed),75,B,https://www.google.com/maps/place/?q=place_id:ChIJl9TbeUU8TIYRPid_eQ6V0-Q,2026-09-28T14:55:58Z,rating 4.9 / 351 reviews; GBP categories: Roofing contractor | Gutter service | Painter | Siding contractor | Solar energy company | Window installation service
Trinity Roofing and Construction,DFW,Roofing,Frisco,TX,https://trinityroofingconstruction.com/frisco-roofing-company/,(945) 307-4948,,,,5-25 (hyp.),no FSM detected publicly,site behind bot-wall (not assessed),75,B,https://www.google.com/maps/place/?q=place_id:ChIJ1SZ1X1g5TIYRA8GTKuTbYlM,2026-09-28T14:55:58Z,rating 5 / 150 reviews; GBP categories: Roofing contractor | General contractor | Gutter service | Solar panel maintenance service | Window installation service
Alpha Heating & Cooling,DFW,HVAC,Dallas,TX,https://alphahvac.site/,(469) 875-2869,,,,5-25 (hyp.),no FSM detected publicly,site unreachable (ConnectionError),75,B,https://www.google.com/maps/place/?q=place_id:ChIJG8TMv8yZToYR0xe7HV3rvYs,2026-09-28T14:50:36Z,rating 5 / 223 reviews; GBP categories: HVAC contractor | Air conditioning contractor | Air conditioning repair service | Air duct cleaning service | Furnace repair service | Heating contractor | Mechanical contractor | Mechanical engineer
Frame Restoration,DFW,Roofing,Frisco,TX,https://www.framerestoration.com/,(214) 308-9227,sales@framerestorations.com,Matt Frame,CEO (per company website),5-25 (hyp.),no FSM detected publicly; GBP booking link,,75,B,https://www.google.com/maps/place/?q=place_id:ChIJAaedHpw9TIYRzVAXDgDVxzk,2026-09-28T14:55:58Z,contact=named on company website; email=published on company website; rating 4.9 / 271 reviews; GBP categories: Roofing contractor | General contractor | Gutter service
Rescue Air and Plumbing,DFW,HVAC,Dallas,TX,https://www.rescueairtx.com/,(972) 201-3253,,,,5-25 (hyp.),no FSM detected publicly; GBP booking link,site unreachable (403),75,B,https://www.google.com/maps/place/?q=place_id:ChIJ4XFisXcfTIYRURj1cWa1MIk,2026-09-28T14:50:36Z,rating 4.8 / 202 reviews; GBP categories: HVAC contractor | Air conditioning contractor | Air conditioning repair service | Heating contractor | Plumber
"Authority Roofing, LLC.",DFW,Roofing,Frisco,TX,http://www.authorityroofing.com/,(972) 317-7663,,,,5-25 (hyp.),no FSM detected publicly,site behind bot-wall (not assessed),75,B,https://www.google.com/maps/place/?q=place_id:ChIJr-ZCPYQyTIYR9HsqV7-aXT0,2026-09-28T14:56:01Z,rating 4.9 / 355 reviews; GBP categories: Roofing contractor
Ellis AC & Furnace Repair,DFW,HVAC,Dallas,TX,https://www.ellisac.com/,(972) 846-9386,,,,5-25 (hyp.),no FSM detected publicly,site unreachable (403),75,B,https://www.google.com/maps/place/?q=place_id:ChIJqRVLajuZToYRasTvCX3yivI,2026-09-28T14:50:39Z,rating 4.9 / 112 reviews; GBP categories: HVAC contractor | Air conditioning contractor | Heating contractor | Heating equipment supplier | Air conditioning repair service | Insulation contractor
Elite Roofing LLC,DFW,Roofing,McKinney,TX,https://www.eliteroofpro.com/areas-we-serve/leading-roofer-in-mckinney,(214) 225-7663,,,,5-25 (hyp.),no FSM detected publicly; GBP booking link,site behind bot-wall (not assessed),75,B,https://www.google.com/maps/place/?q=place_id:ChIJdU8GIsgXTIYRdqTPiMZQTNY,2026-09-28T14:56:07Z,rating 4.9 / 259 reviews; GBP categories: Roofing contractor
"MillionAire Heating, Air, and Plumbing",DFW,HVAC,Hurst,TX,http://www.millionairecooling.com/,(817) 756-8640,,,,15-60 (hyp.),no FSM detected publicly,site behind bot-wall (not assessed),75,B,https://www.google.com/maps/place/?q=place_id:ChIJLcm2KN9_ToYRdgv0Cvyjs7s,2026-09-28T14:50:43Z,rating 4.9 / 890 reviews; GBP categories: HVAC contractor | Air conditioning contractor | Air conditioning system supplier | Furnace repair service | Heating contractor | Air conditioning repair service | Plumber
Wortham Brothers Roofing,DFW,Roofing,McKinney,TX,https://www.wbroofing.com/,(214) 971-8838,,,,5-25 (hyp.),no FSM detected publicly; GBP booking link,site behind bot-wall (not assessed),75,B,https://www.google.com/maps/place/?q=place_id:ChIJvy9skocNTIYReD2-A0pDX0U,2026-09-28T14:56:07Z,rating 4.8 / 114 reviews; GBP categories: Roofing contractor | Construction company | Gutter service
Advanced Cooling,DFW,HVAC,Plano,TX,https://www.advancedcooling.net/,(469) 903-4298,,,,15-60 (hyp.),no FSM detected publicly,site unreachable (403),75,B,https://www.google.com/maps/place/?q=place_id:ChIJYZmswRUZTIYRTKjH9L8gTO0,2026-09-28T14:50:48Z,rating 4.8 / 427 reviews; GBP categories: HVAC contractor | Air compressor repair service | Air conditioning contractor | Heating contractor
Restoration Roofing NTX,DFW,Roofing,McKinney,TX,https://restorationroofingntx.com/,(833) 766-3689,,,,5-25 (hyp.),no FSM detected publicly; GBP booking link,site behind bot-wall (not assessed),75,B,https://www.google.com/maps/place/?q=place_id:ChIJR-DMruUVTIYRuQ_SJG5EOU8,2026-09-28T14:56:07Z,rating 5 / 102 reviews; GBP categories: Roofing contractor
Hesse AC and Heat,DFW,HVAC,Plano,TX,http://hesseair.com/,(214) 505-5483,,,,5-25 (hyp.),no FSM detected publicly,site behind bot-wall (not assessed),75,B,https://www.google.com/maps/place/?q=place_id:ChIJ4WN-gP4jTIYRkMDGyJbbHJs,2026-09-28T14:50:48Z,rating 5 / 110 reviews; GBP categories: HVAC contractor | Air conditioning contractor | Air conditioning repair service | Furnace repair service | Heating contractor
Roof Cake,DFW,Roofing,McKinney,TX,https://roofcake.com/,(888) 312-2253,,,,5-25 (hyp.),no FSM detected publicly,site behind bot-wall (not assessed),75,B,https://www.google.com/maps/place/?q=place_id:ChIJS6BycfU7TIYR5zFK_lN90hU,2026-09-28T14:56:07Z,rating 4.9 / 197 reviews; GBP categories: Roofing contractor
Dragon Air Services LLC,DFW,HVAC,Plano,TX,https://dragonairservices.com/,(214) 790-9872,contact@dragonairservices.com,Dragan Tadic,"License holder, TDLR A/C Contractor #90420",5-25 (hyp.),no FSM detected publicly; CMS: WordPress,,75,B,https://www.google.com/maps/place/?q=place_id:ChIJAZCw43gjTIYRCre4rg5qbAk,2026-09-28T14:50:48Z,contact=TDLR public license record; email=published on company website; rating 5 / 354 reviews; GBP categories: HVAC contractor | Furnace repair service | Air conditioning repair service
Choice Roofing Care,DFW,Roofing,McKinney,TX,https://www.choiceroofingcare.com/,(469) 966-6422,,,,5-25 (hyp.),no FSM detected publicly,site unreachable (403),75,B,https://www.google.com/maps/place/?q=place_id:ChIJiwU5LXAWTIYRDb3rUNiROwQ,2026-09-28T14:56:10Z,rating 4.9 / 110 reviews; GBP categories: Roofing contractor
Dandy Home Service,DFW,HVAC,Plano,TX,https://dandyservices.com/,(940) 290-3800,,,,5-25 (hyp.),no FSM detected publicly; GBP booking link,site behind bot-wall (not assessed),75,B,https://www.google.com/maps/place/?q=place_id:ChIJkU3yYn0ZTIYRs8_y1QPZCBA,2026-09-28T14:50:50Z,rating 4.9 / 374 reviews; GBP categories: HVAC contractor | Air conditioning repair service | Air conditioning system supplier | Air duct cleaning service | Dryer vent cleaning service | Air conditioning contractor | Plumber | Water treatment supplier
911 Exteriors Roofing and Construction,DFW,Roofing,Irving,TX,https://www.911exteriors.com/,(972) 243-6700,ash@911exteriors.com,Ash Abraham,Owner (per company website),5-25 (hyp.),no FSM detected publicly; CMS: WordPress,,75,B,https://www.google.com/maps/place/?q=place_id:ChIJS2pTWXCdToYResjUXoeNbJQ,2026-09-28T14:56:15Z,contact=named on company website; email=published on company website; rating 5 / 393 reviews; GBP categories: Roofing contractor | Contractor | Gutter service | Waterproofing service
"Hightower Service, Inc.",DFW,HVAC,Arlington,TX,https://hightowerservice.com/,(817) 274-1854,info@hightowerservice.com,John Leslie Hightower,"License holder, TDLR A/C Contractor #3102",15-60 (hyp.),no FSM detected publicly; CMS: WordPress/GoDaddy Builder,,75,B,https://www.google.com/maps/place/?q=place_id:ChIJxy80oXR9ToYRY49l9ZVNWAI,2026-09-28T14:50:53Z,contact=TDLR public license record; email=published on company website; rating 4.9 / 446 reviews; GBP categories: HVAC contractor | Air conditioning contractor | Air conditioning repair service | Electrical installation service | Electrician | Furnace repair service | Heating contractor
Hybrid Roofing,DFW,Roofing,Irving,TX,https://hybridroofingllc.com/,(469) 773-3856,,,,5-25 (hyp.),no FSM detected publicly; GBP booking link,site unreachable (403),75,B,https://www.google.com/maps/place/?q=place_id:ChIJ6w4Sm2mPUacR0RXxwR4xs_U,2026-09-28T14:56:15Z,rating 5 / 127 reviews; GBP categories: Roofing contractor
Pebb Services Arlington Air Conditioning & Heating Repair,DFW,HVAC,Pantego,TX,http://www.pebbac.com/,(214) 715-2611,,,,5-25 (hyp.),no FSM detected publicly,site unreachable (404),75,B,https://www.google.com/maps/place/?q=place_id:ChIJF-DvT8V8ToYRfeqzGB32wr4,2026-09-28T14:50:53Z,rating 4.9 / 129 reviews; GBP categories: HVAC contractor | Air conditioning contractor | Air conditioning repair service | Heating contractor
Kidd Roofing,DFW,Roofing,Irving,TX,https://www.kiddroof.com/dallas-roofing/,(972) 823-7663,,,,5-25 (hyp.),no FSM detected publicly; GBP booking link,site behind bot-wall (not assessed),75,B,https://www.google.com/maps/place/?q=place_id:ChIJsw5x6C0qTIYRudGiIWMHUtE,2026-09-28T14:56:15Z,rating 5 / 305 reviews; GBP categories: Roofing contractor | Building materials supplier | Building restoration service | Construction company | Contractor | Sheet metal contractor
The Cold Truth Air Conditioning & Heating,DFW,HVAC,Frisco,TX,https://www.thecoldtruthac.com/,(469) 328-8568,,,,5-25 (hyp.),no FSM detected publicly; GBP booking link,site unreachable (ConnectionError),75,B,https://www.google.com/maps/place/?q=place_id:ChIJ2WXZBd06TIYRl2BuW6s5gqk,2026-09-28T14:51:01Z,rating 5 / 115 reviews; GBP categories: HVAC contractor
X Roofing and Solar,DFW,Roofing,Irving,TX,http://xroofingandsolar.com/,(469) 653-8174,,,,5-25 (hyp.),no FSM detected publicly,site unreachable (ReadTimeout),75,B,https://www.google.com/maps/place/?q=place_id:ChIJuSnAoAshTIYREzjzGnEvnMU,2026-09-28T14:56:18Z,rating 5 / 207 reviews; GBP categories: Roofing contractor
Fixx-It-Foxx HVAC Services,DFW,HVAC,Frisco,TX,http://fixxitfoxxac.com/,(469) 428-5782,,,,5-25 (hyp.),no FSM detected publicly,site behind bot-wall (not assessed),75,B,https://www.google.com/maps/place/?q=place_id:ChIJd72TcJkb9SYRVErOZltaZo8,2026-09-28T14:51:01Z,rating 5 / 106 reviews; GBP categories: HVAC contractor | Service establishment
Commercial Flat Roofing of Dallas,DFW,Roofing,Dallas,TX,https://commercialflatroofingofdallas.com/commercial-roofing/,(214) 484-0950,,,,15-60 (hyp.),no FSM detected publicly,site behind bot-wall (not assessed),75,B,https://www.google.com/maps/place/?q=place_id:ChIJ808u5_udToYR3sfWGXq-IYw,2026-09-28T14:56:18Z,rating 5 / 507 reviews; GBP categories: Roofing contractor
A#1 Air,DFW,HVAC,Lewisville,TX,https://anumber1air.com/,(972) 460-0001,,,,5-25 (hyp.),no FSM detected publicly,site unreachable (403),75,B,https://www.google.com/maps/place/?q=place_id:ChIJAQAAADyfToYRechmxizO2-g,2026-09-28T14:51:03Z,rating 4.7 / 344 reviews; GBP categories: HVAC contractor | Air conditioning contractor | Air conditioning repair service | Air duct cleaning service | Electrician | Furnace repair service | Heating contractor | Plumber | Solar energy system service
Pro American Roofing,DFW,Roofing,Garland,TX,https://proamericanroofing.com/,(945) 340-7256,support@proamericanroofing.com,Roberto Brito,Founder (per company website),5-25 (hyp.),no FSM detected publicly,,75,B,https://www.google.com/maps/place/?q=place_id:ChIJtVJRGO4y3yURQHou7tBA__g,2026-09-28T14:56:22Z,contact=named on company website; email=published on company website; rating 4.9 / 207 reviews; GBP categories: Roofing contractor
"Legend Air Conditioning, Heating & Electric",DFW,HVAC,McKinney,TX,https://www.legendairtx.com/,(469) 200-2243,,,,5-25 (hyp.),no FSM detected publicly; GBP booking link,site unreachable (ReadTimeout),75,B,https://www.google.com/maps/place/?q=place_id:ChIJ8RFwLkIp7EQRosUL077gF0g,2026-09-28T14:51:09Z,rating 5 / 349 reviews; GBP categories: HVAC contractor | Air conditioning contractor | Air duct cleaning service | Electrician | Heating contractor | Air conditioning repair service
Firewheel Roofing,DFW,Roofing,Garland,TX,https://firewheelroofing.com/,(469) 387-3848,info@firewheelroofing.com,Garland TX,Founder (per company website),15-60 (hyp.),no FSM detected publicly; GBP booking link,,75,B,https://www.google.com/maps/place/?q=place_id:ChIJIUiD_CmmToYRAP4XTcu7Rfs,2026-09-28T14:56:22Z,contact=named on company website; email=published on company website; rating 4.9 / 1161 reviews; GBP categories: Roofing contractor | Construction company | Fence contractor | General contractor | Home help | Home improvement store | Roofing supply store
"BCI Plumbing, Heating and AC Repair",DFW,HVAC,Denton,TX,https://www.bcimechanical.com/air-conditioning-repair/,(940) 353-1556,,,,15-60 (hyp.),no FSM detected publicly; GBP booking link,site unreachable (403),75,B,https://www.google.com/maps/place/?q=place_id:ChIJJRDYTYzKTYYRJvoHFB6k0a4,2026-09-28T14:51:27Z,rating 4.8 / 488 reviews; GBP categories: HVAC contractor | Air conditioning contractor | Air conditioning system supplier | Air duct cleaning service | Furnace repair service | Heating contractor | Heating equipment supplier | Air conditioning repair service | Plumber
"Platinum Roofing Pros ""Residential and Commercial Roofing Contractor""",DFW,Roofing,Garland,TX,https://platinumroofingpro.com/,(855) 675-7663,,,,5-25 (hyp.),no FSM detected publicly,site unreachable (ConnectionError),75,B,https://www.google.com/maps/place/?q=place_id:ChIJcZvx0323ToYR45cnfU51rAA,2026-09-28T14:56:22Z,rating 5 / 250 reviews; GBP categories: Roofing contractor | General contractor | Gutter service | Remodeler
Cogburn's Service General dba Cogburn's Heating & Air,DFW,HVAC,Denton,TX,https://cogburnsservicegeneral.com/,(940) 243-9199,,,,5-25 (hyp.),no FSM detected publicly,site behind bot-wall (not assessed),75,B,https://www.google.com/maps/place/?q=place_id:ChIJpcai98LKTYYRmmNiBzUuxd0,2026-09-28T14:51:27Z,rating 4.7 / 352 reviews; GBP categories: HVAC contractor | Air duct cleaning service | Heating contractor | Air conditioning contractor
Garland Commercial Roofing,DFW,Roofing,Garland,TX,https://garlandcommercialroofing.net/,(945) 212-7985,,,,5-25 (hyp.),no FSM detected publicly,site behind bot-wall (not assessed),75,B,https://www.google.com/maps/place/?q=place_id:ChIJF6OkegAdTIYRVNYEUv_84Bs,2026-09-28T14:56:22Z,rating 4.9 / 101 reviews; GBP categories: Roofing contractor
Rescue Cooling Rentals,DFW,HVAC,Grapevine,TX,https://rescuecoolingrentals.com/dfw/,(214) 307-7733,,,,5-25 (hyp.),no FSM detected publicly,site behind bot-wall (not assessed),75,B,https://www.google.com/maps/place/?q=place_id:ChIJ49aJV0SHToYRDM1IHW5kZb8,2026-09-28T14:51:44Z,rating 4.9 / 391 reviews; GBP categories: Air conditioning contractor | Equipment rental agency
Lunaroofing and construction llc,DFW,Roofing,Garland,TX,http://www.lunaroofingandconstructionllc.com/,(903) 944-6509,,,,15-60 (hyp.),no FSM detected publicly,site behind bot-wall (not assessed),75,B,https://www.google.com/maps/place/?q=place_id:ChIJZ8q3OMgfTIYRSdjBTY0HnLs,2026-09-28T14:56:24Z,rating 5 / 504 reviews; GBP categories: Roofing contractor
"Air Source Mechanical LLC, Heating & Air Conditioning Repair Service",DFW,HVAC,Richardson,TX,https://airsmhvac.com/,(972) 897-8332,,,,5-25 (hyp.),no FSM detected publicly; GBP booking link,site behind bot-wall (not assessed),75,B,https://www.google.com/maps/place/?q=place_id:ChIJgRh1-JuvToYRyYRUNhXFl9I,2026-09-28T14:51:54Z,rating 5 / 151 reviews; GBP categories: HVAC contractor | Air compressor repair service | Air conditioning repair service | Air conditioning system supplier | Air duct cleaning service | Heating contractor | Heating equipment supplier | Air conditioning contractor
Superior One Roofing & Construction,DFW,Roofing,Carrollton,TX,https://www.s1roofing.com/,(972) 893-3374,,,,5-25 (hyp.),no FSM detected publicly; GBP booking link,site unreachable (403),75,B,https://www.google.com/maps/place/?q=place_id:ChIJnTWS3_IrTIYRAVT8R_lZD68,2026-09-28T14:56:35Z,rating 5 / 270 reviews; GBP categories: Roofing contractor
"Astar Air Conditioning, Plumbing & Electric",DFW,HVAC,Dallas,TX,https://astardfw.com/,(972) 278-7111,,,,5-25 (hyp.),no FSM detected publicly; GBP booking link,site unreachable (403),75,B,https://www.google.com/maps/place/?q=place_id:ChIJRwQARgYeTIYRhhXpyZdG42g,2026-09-28T14:51:55Z,rating 4.8 / 326 reviews; GBP categories: HVAC contractor | Air conditioning contractor | Air conditioning repair service | Air duct cleaning service | Electrician | Furnace repair service | Heating contractor | Plumber
Advocate Construction,DFW,Roofing,Carrollton,TX,https://advocateconstruction.com/,(214) 935-9152,,,,5-25 (hyp.),no FSM detected publicly,site unreachable (ConnectionError),75,B,https://www.google.com/maps/place/?q=place_id:ChIJ3_vMqoEpTIYRQE44NwdDH5k,2026-09-28T14:56:35Z,rating 4.7 / 269 reviews; GBP categories: Roofing contractor | Siding contractor
"C&S Air, Inc",DFW,HVAC,Mansfield,TX,https://candsair.com/,(817) 839-2556,info@candsair.com,Derek C Okeefe,"License holder, TDLR A/C Contractor #26092",15-60 (hyp.),no FSM detected publicly; GBP booking link; CMS: WordPress,,75,B,https://www.google.com/maps/place/?q=place_id:ChIJ89Cj8bRmToYRY8asfnHGYSs,2026-09-28T14:52:00Z,contact=TDLR public license record; email=published on company website; rating 4.9 / 401 reviews; GBP categories: HVAC contractor | Air conditioning contractor | Air conditioning repair service | Electrical installation service | Electrician | Furnace repair service | Heating contractor
Moore Construction Co.,DFW,Roofing,Carrollton,TX,https://mooreconstructionco.com/,(972) 820-5950,,,,5-25 (hyp.),no FSM detected publicly,site behind bot-wall (not assessed),75,B,https://www.google.com/maps/place/?q=place_id:ChIJ35LDijcmTIYRebTNJxTtYz4,2026-09-28T14:56:38Z,rating 4.5 / 126 reviews; GBP categories: Roofing contractor | Carport and pergola builder | Concrete contractor | Fence contractor | Gutter service | Siding contractor | Window installation service
Public Service Plumbers,DFW,HVAC,Dallas,TX,https://publicserviceplumbers.com/,(214) 831-1959,,,,5-25 (hyp.),no FSM detected publicly,site unreachable (403),75,B,https://www.google.com/maps/place/?q=place_id:ChIJ-xSG3QyfToYRodv_wJH8ooQ,2026-09-28T14:52:06Z,rating 4.9 / 119 reviews; GBP categories: Plumber | Air conditioning contractor | Air conditioning repair service | Drainage service | Electrician | Furnace repair service | Heating contractor | HVAC contractor
"Michael Young Roofing & Construction, Inc.",DFW,Roofing,Dallas,TX,http://www.michaelyoungroofing.com/,(469) 274-4900,,,,5-25 (hyp.),no FSM detected publicly,site behind bot-wall (not assessed),75,B,https://www.google.com/maps/place/?q=place_id:ChIJAQAwhpgnTIYR-qJydhMnbI8,2026-09-28T14:56:38Z,rating 4.8 / 101 reviews; GBP categories: Roofing contractor
"Hat Plumbing, Heating & Air",DFW,HVAC,Fort Worth,TX,https://www.hatplumbingheatingandair.com/,(817) 405-4575,,,,15-60 (hyp.),no FSM detected publicly; GBP booking link,site unreachable (403),75,B,https://www.google.com/maps/place/?q=place_id:ChIJi4-Yf5VsTksREFyqLKSN_4k,2026-09-28T14:52:13Z,rating 5 / 415 reviews; GBP categories: Plumber | Air conditioning contractor | Air conditioning repair service | Heating contractor
"Zeus Exteriors, LLC",DFW,Roofing,Dallas,TX,http://www.zeusexteriors.com/,(469) 771-0988,,,,5-25 (hyp.),no FSM detected publicly; GBP booking link,no schema markup; weak/missing title; stale footer ©2023,75,B,https://www.google.com/maps/place/?q=place_id:ChIJky9HPCg7TIYRi7xnkPcTVso,2026-09-28T14:56:38Z,rating 5 / 180 reviews; GBP categories: Roofing contractor | Fence contractor | Gutter cleaning service | Gutter service | Siding contractor | Window installation service
DNA Plumbing Heating and Air,DFW,HVAC,Plano,TX,https://www.dnaplumbingservices.com/,(214) 817-3755,,,,5-25 (hyp.),no FSM detected publicly,site unreachable (403),75,B,https://www.google.com/maps/place/?q=place_id:ChIJ4X-RFeATTIYRh4EWAJUtJ5E,2026-09-28T14:52:21Z,rating 4.8 / 206 reviews; GBP categories: Plumber | Air conditioning contractor | Air conditioning repair service | Drainage service | Heating contractor | HVAC contractor | Water softening equipment supplier
Apex Premier Roofing & General Contracting,DFW,Roofing,Grapevine,TX,https://www.apexpremierroofing.com/,(817) 410-0937,info@apexpremierroofing.com,John Knapp,Owner (per company website),5-25 (hyp.),no FSM detected publicly,,75,B,https://www.google.com/maps/place/?q=place_id:ChIJOwMZvL3VTYYRlyaM_eBIEsE,2026-09-28T14:56:42Z,contact=named on company website; email=published on company website; rating 4.9 / 356 reviews; GBP categories: Roofing contractor | Construction company | General contractor
Electrician On Call,DFW,HVAC,Dallas,TX,https://www.electricianoncall.com/,(214) 235-7251,,,,5-25 (hyp.),no FSM detected publicly,site behind bot-wall (not assessed),75,B,https://www.google.com/maps/place/?q=place_id:ChIJszLkx9QjTIYRikOzASS4KuU,2026-09-28T14:53:50Z,rating 4.9 / 113 reviews; GBP categories: Electrician | Air conditioning contractor | Air conditioning repair service | HVAC contractor
PROCO Roofing,DFW,Roofing,Grapevine,TX,https://procoroof.com/,(833) 467-7626,info@procoroof.com,Robert Gotcher,Owner (per company website),5-25 (hyp.),no FSM detected publicly; mkt: Podium; CMS: WordPress,,75,B,https://www.google.com/maps/place/?q=place_id:ChIJ51VQnRgrTIYR4K3KonG1XEs,2026-09-28T14:56:42Z,contact=named on company website; email=published on company website; rating 4.8 / 131 reviews; GBP categories: Roofing contractor | Construction company | Contractor | Gutter service | Painter | Waterproofing service | Window installation service
"Cool Hand Electric, Heating, & AC Repair",DFW,HVAC,Mansfield,TX,https://coolhandelectric.com/electrician-mansfield-tx/,(469) 437-7831,,,,15-60 (hyp.),no FSM detected publicly; GBP booking link,site unreachable (403),75,B,https://www.google.com/maps/place/?q=place_id:ChIJi47FEHthToYRRBKrPFiTnsM,2026-09-28T14:55:23Z,rating 4.9 / 416 reviews; GBP categories: Electrician | Air conditioning contractor | Electrical installation service | Electrical repair shop | Lighting contractor
RMC Roofing and Construction LLC,DFW,Roofing,Grapevine,TX,http://www.roofingrmc.com/,(682) 310-0065,,,,5-25 (hyp.),no FSM detected publicly,site behind bot-wall (not assessed),75,B,https://www.google.com/maps/place/?q=place_id:ChIJkx2K76fTTYYR4trruKZ8th0,2026-09-28T14:56:42Z,rating 5 / 104 reviews; GBP categories: Roofing contractor | Construction company | Fence contractor | Painter | Siding contractor
"Cool Hand Electric, Heating, & AC Repair",DFW,HVAC,Red Oak,TX,https://coolhandelectric.com/electrician-red-oak-tx/,(469) 772-4783,,,,5-25 (hyp.),no FSM detected publicly,site unreachable (403),75,B,https://www.google.com/maps/place/?q=place_id:ChIJ-2qNBGDeuEcRB7-f7bumElo,2026-09-28T14:55:26Z,rating 4.8 / 186 reviews; GBP categories: Electrician | Electrical installation service | Fire alarm supplier | Fire protection service | Furnace repair service | Heating contractor | HVAC contractor | Lighting store | Security system installation service | Security system supplier
Ryerson Roofing,DFW,Roofing,Grapevine,TX,https://rroofer.com/,(817) 756-7686,,,,5-25 (hyp.),no FSM detected publicly; GBP booking link,site behind bot-wall (not assessed),75,B,https://www.google.com/maps/place/?q=place_id:ChIJMbFHNzsrTIYRay02AvOHQAY,2026-09-28T14:56:42Z,rating 5 / 119 reviews; GBP categories: Roofing contractor
J National,DFW,HVAC,Carrollton,TX,https://jnational.com/,(972) 776-0010,bids@jnational.com,Jay Katav,Founder (per company website),5-25 (hyp.),no FSM detected publicly; CMS: WordPress,,75,B,https://www.google.com/maps/place/?q=place_id:ChIJfUAvotQjTIYRk4O83NXIH3k,2026-09-28T14:58:13Z,contact=named on company website; email=published on company website; rating 4.8 / 308 reviews; GBP categories: Repair service | Building restoration service | Construction company | Electrician | Fire damage restoration service | HVAC contractor | Plumber | Water damage restoration service
Texas Construction Group,DFW,Roofing,Grapevine,TX,https://www.texasconstructiongrouptx.com/,(817) 210-2312,,,,5-25 (hyp.),no FSM detected publicly,site unreachable (404),75,B,https://www.google.com/maps/place/?q=place_id:ChIJcR31B1j2laQRYh30Tej3T8w,2026-09-28T14:56:42Z,rating 5 / 132 reviews; GBP categories: Roofing contractor | Bathroom remodeler | General contractor | Kitchen remodeler
Texas Home Improvement,DFW,Roofing,Grapevine,TX,https://texashomeimprovement.com/roofing-grapevine-tx/,(817) 601-6031,,,,5-25 (hyp.),no FSM detected publicly,site behind bot-wall (not assessed),75,B,https://www.google.com/maps/place/?q=place_id:ChIJbxrqeOEqTIYRnPtuBcw9Be4,2026-09-28T14:56:42Z,rating 4.8 / 294 reviews; GBP categories: Roofing contractor | Painter | Patio enclosure supplier | Siding contractor
The Roofing Pro,DFW,Roofing,Colleyville,TX,https://theroofingpro.com/,(469) 961-1821,,,,5-25 (hyp.),no FSM detected publicly,site behind bot-wall (not assessed),75,B,https://www.google.com/maps/place/?q=place_id:ChIJH7odKQhNimARDeLLVeHj4_s,2026-09-28T14:56:44Z,rating 5 / 166 reviews; GBP categories: Roofing contractor | Auto dent removal service | General contractor | Painter | Siding contractor
Pure Light Electric LLC,KC,Electrical,Kansas City,MO,http://purelightelectric.com/,(913) 278-6049,info@purelightelectric.com,,,5-25 (hyp.),no FSM detected publicly; GBP booking link; mkt: Angi/HomeAdvisor,no HTTPS,74,B,https://www.google.com/maps/place/?q=place_id:ChIJUTyoX9LxwIcRuefP-Bfq6Gs,2026-09-28T14:47:04Z,email=published on company website; rating 5 / 224 reviews; GBP categories: Electrician
Amped KC,KC,Electrical,Olathe,KS,http://www.ampedkc.com/,(913) 800-1719,info@ampedkc.com,,,15-60 (hyp.),no FSM detected publicly,no schema markup,74,B,https://www.google.com/maps/place/?q=place_id:ChIJG0y66JOXwIcRY35ZE1YLIzM,2026-09-28T14:47:20Z,email=published on company website; rating 5 / 454 reviews; GBP categories: Electrical installation service | Construction company | Contractor | Electrician | Service establishment | General contractor
Tekton Contracting KC LLC,KC,GC,Grandview,MO,https://tektoncontracting.com/,(913) 405-7506,admin@tektoncontracting.com,,,5-25 (hyp.),no FSM detected publicly; CMS: Duda,no schema markup,74,B,https://www.google.com/maps/place/?q=place_id:ChIJ7TYzojC59YkRaYMlB0Bt0JM,2026-09-28T14:49:24Z,email=published on company website; rating 5 / 232 reviews; GBP categories: General contractor
"Mid-America Contractors, Inc.",KC,GC,North Kansas City,MO,http://midamericacontractors.com/,(816) 221-4516,,Jason McDowell,President (per company website),5-25 (hyp.),no FSM detected publicly; GBP booking link; CMS: WordPress,stale footer ©2021; no online booking/quote CTA,74,B,https://www.google.com/maps/place/?q=place_id:ChIJQe_zw6TwwIcRljJwbW-B_Ss,2026-09-28T14:49:24Z,contact=named on company website; rating 4.4 / 172 reviews; GBP categories: General contractor | Bathroom remodeler | Cabinet maker | Construction company | Contractor | Flooring contractor | Glass shop
M & M Roofing Co. Inc,KC,Roofing,Olathe,KS,http://www.mmroofingkc.com/,(913) 782-7300,mm_roofing@yahoo.com,,,5-25 (hyp.),no FSM detected publicly; CMS: WordPress,stale footer ©2019,74,B,https://www.google.com/maps/place/?q=place_id:ChIJ66SeboiVwIcR7RoHsYqYcGk,2026-09-28T14:48:28Z,email=published on company website; rating 5 / 159 reviews; GBP categories: Roofing contractor
The Roof Warrior,KC,Roofing,Lenexa,KS,http://theroofwarrior.com/,(877) 917-8885,info@theroofwarrior.com,,,5-25 (hyp.),no FSM detected publicly; CMS: Squarespace,weak/missing title,74,B,https://www.google.com/maps/place/?q=place_id:ChIJgWM1plAOlikRiPfgq9TQ0R8,2026-09-28T14:48:57Z,email=published on company website; rating 4.9 / 262 reviews; GBP categories: Roofing contractor | Siding contractor
Exterior Damage Solutions,KC,Roofing,Shawnee,KS,https://edskansas.com/,(913) 456-0651,edsllc2019@gmail.com,,,15-60 (hyp.),no FSM detected publicly; GBP booking link; CMS: WordPress/GoDaddy Builder,no schema markup,74,B,https://www.google.com/maps/place/?q=place_id:ChIJcZOKv_fzwIcRrDBO4EKCTz8,2026-09-28T14:48:57Z,email=published on company website; rating 5 / 669 reviews; GBP categories: Roofing contractor
Summit Roofing,KC,Roofing,Blue Springs,MO,https://summitroofingkc.com/,(816) 656-7663,office@summitroofs.com,,,5-25 (hyp.),no FSM detected publicly; GBP booking link; mkt: Chat widget,no schema markup,74,B,https://www.google.com/maps/place/?q=place_id:ChIJYwljvpovwYcRzbO91ozUFBw,2026-09-28T14:49:12Z,email=published on company website; rating 4.9 / 178 reviews; GBP categories: Roofing contractor | Gutter service | Siding contractor | Solar panel maintenance service
Patrick's Heating and Cooling Supply,KC,HVAC,Kansas City,MO,http://www.patrickssupply.com/,(816) 268-1900,marketing@patrickssupply.com,,,5-25 (hyp.),no FSM detected publicly; CMS: GoDaddy Builder,no schema markup,74,B,https://www.google.com/maps/place/?q=place_id:ChIJO_90_NLxwIcRHXQB3Qzdmis,2026-09-28T14:44:53Z,email=published on company website; rating 4.5 / 176 reviews; GBP categories: HVAC contractor | Air conditioning contractor | Air conditioning repair service | Air conditioning store | Air conditioning system supplier | Heating contractor | Heating equipment supplier | Hydroponics equipment supplier | Lighting products wholesaler
PennTech,KC,HVAC,Blue Springs,MO,http://penntechinc.com/,(816) 427-5007,service@penntechinc.com,,,5-25 (hyp.),no FSM detected publicly,no click-to-call,74,B,https://www.google.com/maps/place/?q=place_id:ChIJi5vgNpsZwYcReVOZwFvdjv0,2026-09-28T14:45:47Z,email=published on company website; rating 4.9 / 282 reviews; GBP categories: HVAC contractor | Air conditioning contractor | Heating contractor | Solar energy company | Solar energy equipment supplier
Duty Calls Plumbing and Rooter llc.,KC,HVAC,North Kansas City,MO,http://dutycallspr.com/,(816) 945-2131,office@dutycallspr.com,,,5-25 (hyp.),no FSM detected publicly; CMS: WordPress,stale footer ©2024,74,B,https://www.google.com/maps/place/?q=place_id:ChIJ96XNr5lbJasR80TeWGF5q0Y,2026-09-28T14:45:59Z,email=published on company website; rating 4.9 / 307 reviews; GBP categories: Plumber | Air conditioning contractor | Contractor | Furnace repair service | Heating contractor | Hot water system supplier | Mechanical contractor | HVAC contractor | Repair service
ON Group Remodeling & Construction,DFW,GC,Dallas,TX,https://ongroupconstructions.com/,(469) 324-2888,contact@ongroupconstructions.com,,,5-25 (hyp.),no FSM detected publicly; CMS: WordPress,no meta description,74,B,https://www.google.com/maps/place/?q=place_id:ChIJ3xnVcz_0zQYRNOlkwvxQnWs,2026-09-28T14:57:10Z,email=published on company website; rating 4.9 / 113 reviews; GBP categories: General contractor | Bathroom remodeler | Construction company | Contractor | Demolition contractor | Home builder | Kitchen remodeler | Remodeler | Tile contractor
DFW Wall Removal,DFW,GC,Carrollton,TX,http://dfwwallremoval.com/,(469) 436-5680,,Ernando Teixeira,Founder (per company website),5-25 (hyp.),no FSM detected publicly; CMS: WordPress,no online booking/quote CTA,74,B,https://www.google.com/maps/place/?q=place_id:ChIJ_5Kn4DnE-gQRKcyG9Nxtcxk,2026-09-28T14:58:13Z,contact=named on company website; rating 4.9 / 190 reviews; GBP categories: Construction company
ReModa | Design Build,DFW,GC,Richardson,TX,https://www.remodadesignbuild.com/,(469) 209-9288,20info@remodadesignbuild.com,,,5-25 (hyp.),no FSM detected publicly; CMS: WordPress,no meta description,74,B,https://www.google.com/maps/place/?q=place_id:ChIJG3ZsxjwdTIYRCA5oc13nk4Q,2026-09-28T14:58:37Z,email=published on company website; rating 5 / 146 reviews; GBP categories: Contractor | Bathroom remodeler | Flooring contractor | Kitchen remodeler | Painter
Workman Plumbing,DFW,Plumbing,Dallas,TX,https://www.workman-plumbing.com/,(817) 818-7813,,Matt Workman,Owner (per company website),5-25 (hyp.),no FSM detected publicly; CMS: WordPress,stale footer ©2022,74,B,https://www.google.com/maps/place/?q=place_id:ChIJjcMu_6CZToYRXut5OjLd6V4,2026-09-28T14:52:06Z,contact=named on company website; rating 5 / 144 reviews; GBP categories: Plumber
Double M Plumbing,DFW,Plumbing,Dallas,TX,https://www.doublemplumbingdfw.com/,(214) 714-6600,doublemplumbing@yahoo.com,,,5-25 (hyp.),no FSM detected publicly; GBP booking link; mkt: CallRail,stale footer ©2024,74,B,https://www.google.com/maps/place/?q=place_id:ChIJYdNTdpDl3wgRDHu2nQE3H9w,2026-09-28T14:52:09Z,email=published on company website; rating 4.9 / 153 reviews; GBP categories: Plumber | Drainage service | Gas installation service
NCT Plumbing and Repair Services,DFW,Plumbing,Fort Worth,TX,http://www.nctplumbing.com/,(817) 431-5952,service@nctplumbing.com,,,15-60 (hyp.),no FSM detected publicly; CMS: WordPress,no meta description,74,B,https://www.google.com/maps/place/?q=place_id:ChIJad6a0FHXTYYRk8r3sh7BKnE,2026-09-28T14:52:16Z,email=published on company website; rating 4.8 / 568 reviews; GBP categories: Plumber
"Evolution Plumbing LLC | #1 Plumber Plano, TX",DFW,Plumbing,Plano,TX,https://evolutionservices.io/,(972) 440-0496,office@evolutionservices.io,,,15-60 (hyp.),no FSM detected publicly,stale footer ©2024,74,B,https://www.google.com/maps/place/?q=place_id:ChIJmY8tYqAZTIYR3QKlFbhaIdE,2026-09-28T14:52:21Z,email=published on company website; rating 4.6 / 485 reviews; GBP categories: Plumber | Contractor
MS Installations,DFW,Electrical,Frisco,TX,https://www.msinstallationsav.com/,(469) 773-7180,quote@msinstallationsav.com,,,15-60 (hyp.),no FSM detected publicly; CMS: WordPress,no meta description,74,B,https://www.google.com/maps/place/?q=place_id:ChIJmYR9jzE9TIYRq0y9F9JluOI,2026-09-28T14:54:19Z,email=published on company website; rating 5 / 476 reviews; GBP categories: Home theater store | Audio visual consultant | Audio visual equipment supplier | Automation company | Electrical installation service | Home automation company | Home cinema installation
Ardent Plumbing LLC.,DFW,Plumbing,Plano,TX,http://ardentplumbing.com/,(214) 868-1832,admin@ardentplumbing.com,,,5-25 (hyp.),no FSM detected publicly; CMS: GoDaddy Builder,stale footer ©2024,74,B,https://www.google.com/maps/place/?q=place_id:ChIJzd8ZYaoiTIYRag-YDXh7o-Q,2026-09-28T14:52:21Z,email=published on company website; rating 4.8 / 282 reviews; GBP categories: Plumber
Avelen LLC,DFW,Electrical,McKinney,TX,http://avelen.net/,(214) 702-8004,support@avelen.net,,,5-25 (hyp.),no FSM detected publicly; CMS: WordPress,no meta description,74,B,https://www.google.com/maps/place/?q=place_id:ChIJHRqesqkbTIYRq9-t3rvKH3U,2026-09-28T14:54:26Z,email=published on company website; rating 5 / 267 reviews; GBP categories: Electrician | Home cinema installation | Service establishment | Furniture maker | Security system installation service
"ENCO Plumbing, Inc.",DFW,Plumbing,The Colony,TX,http://encoplumbing.com/,(214) 222-4464,rneal@encoplumbing.com,,,15-60 (hyp.),no FSM detected publicly; CMS: WordPress,heavy page,74,B,https://www.google.com/maps/place/?q=place_id:ChIJEyrK5jYuTIYRZlhQLtSzIbI,2026-09-28T14:52:37Z,email=published on company website; rating 4.9 / 925 reviews; GBP categories: Plumber | Drainage service | Hot water system supplier | Water pump supplier
JME ELECTRIC GROUP LLC,DFW,Electrical,Wylie,TX,https://jmeelectricgroup.com/,(972) 955-9758,sales@jmeelectricgroup.com,,,15-60 (hyp.),no FSM detected publicly; GBP booking link; mkt: Angi/HomeAdvisor; CMS: WordPress,stale footer ©2023,74,B,https://www.google.com/maps/place/?q=place_id:ChIJwcClPJD7S4YRa7wIW8gTB54,2026-09-28T14:54:41Z,email=published on company website; rating 5 / 569 reviews; GBP categories: Electrician | Electrical engineer | Electrical installation service | Electrical repair shop | Electrical supply store | Home automation company
The Plumbing House,DFW,Plumbing,Garland,TX,https://www.theplumbinghouse.com/,(972) 996-2890,sam@theplumbinghouse.com,,,5-25 (hyp.),no FSM detected publicly; CMS: WordPress,no meta description,74,B,https://www.google.com/maps/place/?q=place_id:ChIJJ9HAb4kdTIYR7G8cPcW2fPo,2026-09-28T14:52:58Z,email=published on company website; rating 5 / 175 reviews; GBP categories: Plumber
Matrix Electric,DFW,Electrical,Mesquite,TX,https://www.matrixelectriccompany.com/,(469) 253-2564,contact@matrixelectriccompany.com,,,5-25 (hyp.),no FSM detected publicly,no click-to-call,74,B,https://www.google.com/maps/place/?q=place_id:ChIJIaMvweGkToYRURVXg22EF3o,2026-09-28T14:55:08Z,email=published on company website; rating 4.9 / 103 reviews; GBP categories: Electrician
Handyman Home Pros,DFW,Plumbing,Frisco,TX,https://www.handymanhomepros.com/,(214) 308-9441,info@handymanhomepros.com,,,5-25 (hyp.),no FSM detected publicly; mkt: Angi/HomeAdvisor; CMS: WordPress/GoDaddy Builder,no schema markup,74,B,https://www.google.com/maps/place/?q=place_id:ChIJh_f_fLI9TIYRd7w39Mdlk_8,2026-09-28T14:54:19Z,email=published on company website; rating 5 / 392 reviews; GBP categories: Electrician | Dry wall contractor | Handyman/Handywoman/Handyperson | Fence contractor | Gutter cleaning service | Lawn sprinkler system contractor | Painting | Plumber | Pressure washing service | Siding contractor
Hot & Cool Heating and Air Conditioning LLC,DFW,HVAC,Dallas,TX,https://hotandcoolhvac.squarespace.com/,(469) 348-5392,hot_cool_dfw@outlook.com,Mauro Jaime Arredondo,"License holder, TDLR A/C Contractor #119951",5-25 (hyp.),no FSM detected publicly; CMS: Squarespace,no click-to-call; heavy page,74,B,https://www.google.com/maps/place/?q=place_id:ChIJqW91LOFe4CURfLKo4ZnjUpM,2026-09-28T14:50:39Z,contact=TDLR public license record; email=published on company website; rating 5 / 63 reviews; GBP categories: HVAC contractor | Air compressor supplier | Air conditioning contractor | Service establishment | Air conditioning repair service
Dream Air Conditioning and Heating,DFW,HVAC,Plano,TX,https://dreamairandheat.com/,(214) 778-6461,office@dreamairandheat.com,Matthew Lee Sloan,"License holder, TDLR A/C Contractor #117812",5-25 (hyp.),no FSM detected publicly; mkt: HubSpot; CMS: WordPress/GoDaddy Builder,no schema markup; no meta description,74,B,https://www.google.com/maps/place/?q=place_id:ChIJP5DA2jr7Qm8RS8cpt6ako38,2026-09-28T14:50:48Z,contact=TDLR public license record; email=published on company website; rating 5 / 91 reviews; GBP categories: Air conditioning contractor
Joe's Contractors,KC,GC,Overland Park,KS,,(913) 246-5869,,,,5-25 (hyp.),no FSM detected publicly,NO WEBSITE on Google profile,73,B,https://www.google.com/maps/place/?q=place_id:ChIJq6paAVzrwIcRVDubJ12lrIY,2026-09-28T14:49:34Z,rating 3.9 / 116 reviews; GBP categories: Fence contractor
Freedom Electrical Services LLC,KC,Electrical,Excelsior Springs,MO,https://freedomelectricalkc.com/,(816) 562-2622,,,,5-25 (hyp.),no FSM detected publicly,no click-to-call; no online booking/quote CTA,72,B,https://www.google.com/maps/place/?q=place_id:ChIJe0tVlrxVwIcRetouIY03Jsk,2026-09-28T14:48:07Z,rating 4.9 / 119 reviews; GBP categories: Electrician
Devoted Plumbing LLC,KC,Plumbing,Kansas City,MO,https://www.devotedplumbing.com/,(816) 654-2108,,,,15-60 (hyp.),no FSM detected publicly; CMS: Squarespace,no click-to-call; heavy page,72,B,https://www.google.com/maps/place/?q=place_id:ChIJnz3L6qfjwIcRsM3Z63rAiBc,2026-09-28T14:46:01Z,rating 5 / 452 reviews; GBP categories: Plumber | Service establishment
Trinity Homes and Exteriors,KC,GC,Lenexa,KS,https://trinityhomext.com/,(913) 413-0008,,,,5-25 (hyp.),no FSM detected publicly,site unreachable (ReadTimeout),72,B,https://www.google.com/maps/place/?q=place_id:ChIJ475wdUnrwIcRFmZQwcjjpg4,2026-09-28T14:50:06Z,rating 4.1 / 159 reviews; GBP categories: General contractor | Bathroom remodeler | Construction company
Alenco Inc.,KC,GC,Lenexa,KS,https://www.alenconline.com/,(913) 438-1902,,,,5-25 (hyp.),no FSM detected publicly; GBP booking link,site behind bot-wall (not assessed),72,B,https://www.google.com/maps/place/?q=place_id:ChIJQ6oQjquVwIcRRXXgjd31BB8,2026-09-28T14:50:09Z,rating 4.4 / 231 reviews; GBP categories: Window installation service | Bathroom remodeler | General contractor | Home improvement store | Siding contractor
Hohen Construction,KC,Roofing,Overland Park,KS,http://hohenconstruction.com/,(913) 937-8380,support@hohenconstruction.com,,,5-25 (hyp.),no FSM detected publicly; CMS: WordPress,no HTTPS; no click-to-call; no schema markup,72,B,https://www.google.com/maps/place/?q=place_id:ChIJ86_lQ2brwIcR6LEHG0Fa9DE,2026-09-28T14:48:24Z,email=published on company website; rating 4.9 / 74 reviews; GBP categories: Roofing contractor
CRG Roofing and Guttering LLC,KC,Roofing,Independence,MO,https://crgconejoroofing.com/,(816) 608-9561,,,,15-60 (hyp.),no FSM detected publicly,weak/missing title; no meta description,72,B,https://www.google.com/maps/place/?q=place_id:ChIJF7BKUdH9wIcRTMjSdB3zMOA,2026-09-28T14:48:43Z,rating 4.9 / 608 reviews; GBP categories: Roofing contractor | Gutter service | Insulation contractor | Siding contractor | Window installation service
Air Summit Heating & Cooling LLC.,KC,HVAC,Lee's Summit,MO,https://airsummit.com/,(816) 537-0585,,,,5-25 (hyp.),no FSM detected publicly,no click-to-call; no online booking/quote CTA,72,B,https://www.google.com/maps/place/?q=place_id:ChIJ32Q1IDogwYcR2iBMzPL95bk,2026-09-28T14:45:12Z,rating 4.9 / 220 reviews; GBP categories: HVAC contractor | Air conditioning contractor | Air conditioning repair service | Furnace parts supplier | Furnace repair service | Heating equipment supplier
Arcadia Contracting,KC,HVAC,Kansas City,KS,https://arcadiacontracting.co/,(913) 940-2495,info@arcadia-contracting.com,,,3-10 (hyp.),no FSM detected publicly; CMS: WordPress,no click-to-call; no schema markup; no meta description,72,B,https://www.google.com/maps/place/?q=place_id:ChIJP4KW8GztwIcREgmpqzagdQI,2026-09-28T14:45:25Z,email=published on company website; rating 4.9 / 52 reviews; GBP categories: HVAC contractor | General contractor
Kingdom Construction,DFW,GC,Arlington,TX,https://thekingdomconstructiontx.com/,(567) 868-6643,,,,5-25 (hyp.),no FSM detected publicly; GBP booking link,no click-to-call; heavy page,72,B,https://www.google.com/maps/place/?q=place_id:ChIJ-e5Pa-iHToYRGdkGzQhRTbg,2026-09-28T14:57:33Z,rating 5 / 180 reviews; GBP categories: Construction company | Home builder
Frisco Flooring Specialists,DFW,GC,Frisco,TX,https://friscoflooringspecialists.com/,(469) 939-6855,,,,5-25 (hyp.),no FSM detected publicly; CMS: GoDaddy Builder,stale footer ©2018; no online booking/quote CTA,72,B,https://www.google.com/maps/place/?q=place_id:ChIJZdn_YA88TIYRuFwvrs-kWtA,2026-09-28T14:57:42Z,rating 4.9 / 296 reviews; GBP categories: Flooring contractor | General contractor | Water damage restoration service | Wood floor installation service
TL Remodeling,DFW,GC,Richardson,TX,http://www.tlremodeling.us/,(214) 361-5820,info@tlremodeling.us,,,3-10 (hyp.),no FSM detected publicly; CMS: WordPress,no schema markup; weak/missing title; no meta description,72,B,https://www.google.com/maps/place/?q=place_id:ChIJk_ryT3cfTIYRVcTaLjGQQPs,2026-09-28T14:58:35Z,email=published on company website; rating 4.9 / 52 reviews; GBP categories: General contractor | Remodeler
Light Pro,DFW,Electrical,McKinney,TX,https://www.lightprousa.com/,(469) 487-9240,lightprollc.co@gmail.com,,,3-10 (hyp.),no FSM detected publicly; GBP booking link; CMS: WordPress,no schema markup; weak/missing title; no meta description,72,B,https://www.google.com/maps/place/?q=place_id:ChIJRQ_ndcCgfkoR9cw1ENGwch4,2026-09-28T14:54:24Z,email=published on company website; rating 5 / 57 reviews; GBP categories: Electrician
Hukill's Inc.,DFW,Plumbing,Fort Worth,TX,https://www.hukills.com/,(817) 672-7555,,,,5-25 (hyp.),no FSM detected publicly,no schema markup; no online booking/quote CTA,72,B,https://www.google.com/maps/place/?q=place_id:ChIJX3V6fXwNToYRyN08cn9fy-E,2026-09-28T14:52:13Z,rating 4.9 / 202 reviews; GBP categories: Plumber | Drainage service | Fire damage restoration service | Kitchen remodeler | Remodeler | Septic system service | Water damage restoration service
At-Ease Plumbing Plano,DFW,Plumbing,Plano,TX,https://ateaseplumbing.com/,(972) 612-2170,,,,5-25 (hyp.),no FSM detected publicly; mkt: Chat widget,no click-to-call; heavy page,72,B,https://www.google.com/maps/place/?q=place_id:ChIJl2Tlc68ZTIYRSlw82gThacM,2026-09-28T14:52:21Z,rating 4.7 / 123 reviews; GBP categories: Plumber | Drainage service | Septic system service
The Prosper Plumber,DFW,Plumbing,Prosper,TX,http://www.theprosperplumber.com/,(469) 408-0308,kris@theprosperplumber.com,,,3-10 (hyp.),no FSM detected publicly,no click-to-call; no schema markup; no meta description,72,B,https://www.google.com/maps/place/?q=place_id:ChIJSzESNSM5TIYRq4lqew7A5fQ,2026-09-28T14:52:40Z,email=published on company website; rating 4.9 / 55 reviews; GBP categories: Plumber
Triple Crown Plumbing,DFW,Plumbing,Plano,TX,https://www.triplecrownplumbing.com/,(972) 544-6544,,,,5-25 (hyp.),no FSM detected publicly; GBP booking link,site unreachable (403),72,B,https://www.google.com/maps/place/?q=place_id:ChIJz8tXCF0XTIYRJCRUMiLf4WY,2026-09-28T14:52:58Z,rating 4.4 / 166 reviews; GBP categories: Plumber | Drainage service | Gasfitter | Hot water system supplier
First Response Plumbing Inc.,DFW,Plumbing,Mesquite,TX,https://firstresponseplumbingpros.com/,(469) 685-5924,,,,5-25 (hyp.),no FSM detected publicly,site unreachable (ConnectionError),72,B,https://www.google.com/maps/place/?q=place_id:ChIJM-2HCZqmToYRKC9d-rD2SFc,2026-09-28T14:53:28Z,rating 4.3 / 275 reviews; GBP categories: Plumber | Contractor | Water softening equipment supplier
Armitage Electric Co,KC,Electrical,Kansas City,MO,,(816) 231-8277,,,,3-10 (hyp.),no FSM detected publicly,NO WEBSITE on Google profile,71,B,https://www.google.com/maps/place/?q=place_id:ChIJwa4H6r_6wIcRSoglVFqG2a8,2026-09-28T14:47:07Z,rating 4.7 / 49 reviews; GBP categories: Electrician | Car repair and maintenance service
Prestige Electric,KC,Electrical,Kansas City,MO,,(816) 548-9601,,,,5-25 (hyp.),no FSM detected publicly,NO WEBSITE on Google profile,71,B,https://www.google.com/maps/place/?q=place_id:ChIJL_6jDYz7wIcRqOs6TM9VNoI,2026-09-28T14:47:07Z,rating 4.8 / 68 reviews; GBP categories: Electrician | Service establishment
Bid Right Electric,KC,Electrical,Lee's Summit,MO,,(816) 256-4105,,,,3-10 (hyp.),no FSM detected publicly,NO WEBSITE on Google profile,71,B,https://www.google.com/maps/place/?q=place_id:ChIJs_td23shwYcRBrEAcpp1_3U,2026-09-28T14:47:24Z,rating 4.9 / 55 reviews; GBP categories: Electrician | Service establishment
Larsen & Sons Plumbing,KC,Plumbing,Olathe,KS,,(913) 669-9397,,,,3-10 (hyp.),no FSM detected publicly,NO WEBSITE on Google profile,71,B,https://www.google.com/maps/place/?q=place_id:ChIJSa3-M6i9wIcREZuWvtHIvPA,2026-09-28T14:46:10Z,rating 4.8 / 48 reviews; GBP categories: Plumber
Joe Brown's Plumbing,KC,Plumbing,Olathe,KS,http://joebrownsplumbing.com/,(913) 782-9186,,,,3-10 (hyp.),no FSM detected publicly,no HTTPS; no mobile viewport; no click-to-call; no schema markup; no meta description; stale footer ©2017; no online booking/quote CTA,71,B,https://www.google.com/maps/place/?q=place_id:ChIJ25YklF-9wIcRz13aJmKV_54,2026-09-28T14:46:10Z,rating 4.8 / 19 reviews; GBP categories: Plumber
A Ability Discount Plumbing,KC,Plumbing,Gardner,KS,,(913) 782-6530,,,,5-25 (hyp.),no FSM detected publicly,NO WEBSITE on Google profile,71,B,https://www.google.com/maps/place/?q=place_id:ChIJZSNhI-ujwIcRdNc87INADcI,2026-09-28T14:46:12Z,rating 4.9 / 92 reviews; GBP categories: Plumber
Vertical Solutions Roofing & Construction,KC,GC,Overland Park,KS,https://verticalsolutionsroofing.com/,(816) 306-3371,info@verticalsolutionsroofing.com,Austin McMeans,Founder (per company website),5-25 (hyp.),no FSM detected publicly; CMS: WordPress,no click-to-call,71,B,https://www.google.com/maps/place/?q=place_id:ChIJ3fPeOZzrwIcRZdaAQYbScLU,2026-09-28T14:48:21Z,contact=named on company website; email=published on company website; rating 4.7 / 80 reviews; GBP categories: General contractor
Starr Homes LLC,KC,GC,Stilwell,KS,https://www.starrhomes.net/,(913) 481-2680,info@starrhomes.net,Guy Cecala,CEO (per company website),3-10 (hyp.),no FSM detected publicly; GBP booking link; CMS: WordPress,no schema markup; weak/missing title; no meta description; heavy page,71,B,https://www.google.com/maps/place/?q=place_id:ChIJM13SExTBwIcRKP4p7aTCgXo,2026-09-28T14:49:34Z,contact=named on company website; email=published on company website; rating 4.6 / 32 reviews; GBP categories: Custom home builder
GQ Concrete Services LLC,KC,GC,Olathe,KS,https://gqconcreteservices.com/,(913) 938-0501,,,,5-25 (hyp.),no FSM detected publicly,no click-to-call; no schema markup; weak/missing title; no online booking/quote CTA,71,B,https://www.google.com/maps/place/?q=place_id:ChIJJ0I4ilu0b6ARAn3gqURny8U,2026-09-28T14:49:38Z,rating 5 / 63 reviews; GBP categories: Concrete contractor
M Brothers Construction LLC,KC,GC,Kansas City,KS,,(913) 602-5147,,,,3-10 (hyp.),no FSM detected publicly,NO WEBSITE on Google profile,71,B,https://www.google.com/maps/place/?q=place_id:ChIJ3xnteRxq_qARFZpyzplXQgQ,2026-09-28T14:49:59Z,rating 4.8 / 56 reviews; GBP categories: Construction company | Bathroom remodeler | Service establishment | Remodeler
"Sublime Contracting, LLC",KC,GC,Liberty,MO,,(361) 386-0463,,,,5-25 (hyp.),no FSM detected publicly,NO WEBSITE on Google profile,71,B,https://www.google.com/maps/place/?q=place_id:ChIJEU5wtNpVwIcRAsuXbc0adWI,2026-09-28T14:50:29Z,rating 4.7 / 80 reviews; GBP categories: Contractor | Bathroom remodeler | Fence contractor
Carroll Brothers Roof Concepts,KC,Roofing,Lee's Summit,MO,,(816) 722-3425,,,,5-25 (hyp.),no FSM detected publicly,NO WEBSITE on Google profile,71,B,https://www.google.com/maps/place/?q=place_id:ChIJyakmUsUfwYcR5BPYsUL_8pU,2026-09-28T14:48:37Z,rating 4.8 / 69 reviews; GBP categories: Roofing contractor
"LoveOurRoof, an Xcel Company Lic#DR 2020-9778",KC,Roofing,Lenexa,KS,,(816) 800-7663,,,,3-10 (hyp.),no FSM detected publicly,NO WEBSITE on Google profile,71,B,https://www.google.com/maps/place/?q=place_id:ChIJ66p6wukfwYcREMrouZVAdmg,2026-09-28T14:49:00Z,rating 5 / 41 reviews; GBP categories: Roofing contractor | Siding contractor | Window installation service
"Supreme Services Heating, Cooling, Plumbing and Electrical",KC,HVAC,Kansas City,MO,,(913) 938-7040,,,,5-25 (hyp.),no FSM detected publicly; GBP booking link,NO WEBSITE on Google profile,71,B,https://www.google.com/maps/place/?q=place_id:ChIJPUcomJC_wIcRST3YufRXK5U,2026-09-28T14:44:53Z,rating 5 / 99 reviews; GBP categories: HVAC contractor | Electrical installation service | Service establishment | Plumber
"Prairie Center Plumbing, Heating and AC",KC,HVAC,Olathe,KS,,(913) 829-6263,,,,3-10 (hyp.),no FSM detected publicly,NO WEBSITE on Google profile,71,B,https://www.google.com/maps/place/?q=place_id:ChIJBSrnKIu9wIcRnSxxRvENSLs,2026-09-28T14:45:08Z,rating 4.8 / 48 reviews; GBP categories: HVAC contractor | Plumber
Stuck's Heating & Cooling,KC,HVAC,Independence,MO,,(816) 650-6217,,,,5-25 (hyp.),no FSM detected publicly,NO WEBSITE on Google profile,71,B,https://www.google.com/maps/place/?q=place_id:ChIJV8YtJFofwYcRxNbylp-rEFs,2026-09-28T14:45:19Z,rating 5 / 83 reviews; GBP categories: HVAC contractor | Air conditioning contractor | Service establishment | Heating contractor | Mobile home supply store
Liberty Plumbing Heating & AC,KC,HVAC,Liberty,MO,,(816) 781-1469,,,,3-10 (hyp.),no FSM detected publicly,NO WEBSITE on Google profile,71,B,https://www.google.com/maps/place/?q=place_id:ChIJcRZh7l9VwIcR7FQHw7HdEZw,2026-09-28T14:45:53Z,rating 4.8 / 58 reviews; GBP categories: HVAC contractor | Air conditioning repair service | Furnace repair service | Plumber
RBMK Heating & Cooling,KC,HVAC,Liberty,MO,,(816) 416-6810,,,,3-10 (hyp.),no FSM detected publicly,NO WEBSITE on Google profile,71,B,https://www.google.com/maps/place/?q=place_id:ChIJWVVVVeX3wIcRoX3UqYLoSZ4,2026-09-28T14:45:53Z,rating 4.9 / 52 reviews; GBP categories: HVAC contractor | Air conditioning contractor | Air conditioning repair service | Air conditioning system supplier | Service establishment | Furnace repair service | Furnace store | Heating contractor | Heating equipment supplier
816 Mechanical,KC,HVAC,Liberty,MO,,(816) 323-9059,,,,3-10 (hyp.),no FSM detected publicly,NO WEBSITE on Google profile,71,B,https://www.google.com/maps/place/?q=place_id:ChIJS3m7F3I3g6cRz4z_dbf3QLk,2026-09-28T14:45:53Z,rating 5 / 53 reviews; GBP categories: HVAC contractor | Service establishment
PRZ Exteriors,DFW,GC,Mesquite,TX,,(214) 837-4860,,,,3-10 (hyp.),no FSM detected publicly,NO WEBSITE on Google profile,71,B,https://www.google.com/maps/place/?q=place_id:ChIJ4eRd6YelToYRAIs2hadWACI,2026-09-28T14:56:51Z,rating 5 / 51 reviews; GBP categories: Construction company
FJD Legacy Construction,DFW,GC,Fort Worth,TX,,(817) 363-6989,,,,3-10 (hyp.),no FSM detected publicly,NO WEBSITE on Google profile,71,B,https://www.google.com/maps/place/?q=place_id:ChIJZYOF6bRxToYR1xf8DjiAiDM,2026-09-28T14:57:19Z,rating 5 / 48 reviews; GBP categories: Construction company
SUPERIOR GUTTER SYSTEMS,DFW,GC,Garland,TX,http://sgsgutter.com/,(214) 703-8411,,,,5-25 (hyp.),no FSM detected publicly,no click-to-call; no schema markup; weak/missing title; no meta description,71,B,https://www.google.com/maps/place/?q=place_id:ChIJRRMek78dTIYRdleXPoSKRM4,2026-09-28T14:58:01Z,rating 4.9 / 78 reviews; GBP categories: Construction company | Gutter cleaning service
G&E home servir pro general contractor,DFW,GC,Mesquite,TX,,(214) 475-6757,,,,3-10 (hyp.),no FSM detected publicly,NO WEBSITE on Google profile,71,B,https://www.google.com/maps/place/?q=place_id:ChIJt2VdlyKkToYR_wI9hqyIEls,2026-09-28T14:58:27Z,rating 5 / 40 reviews; GBP categories: General contractor
J Bass Construction,DFW,GC,Richardson,TX,https://jbassconstruction.com/,(469) 831-5620,,,,3-10 (hyp.),no FSM detected publicly; CMS: WordPress,no schema markup; weak/missing title; no meta description; no online booking/quote CTA,71,B,https://www.google.com/maps/place/?q=place_id:ChIJdWWjZj4fTIYRUtXNoH1aqt0,2026-09-28T14:58:35Z,rating 5 / 45 reviews; GBP categories: General contractor | Bathroom remodeler | Kitchen remodeler
Kings electric,DFW,Electrical,Fort Worth,TX,,(682) 229-5447,,,,3-10 (hyp.),no FSM detected publicly,NO WEBSITE on Google profile,71,B,https://www.google.com/maps/place/?q=place_id:ChIJLQ_JFVb9UYYRpjo52_btGxc,2026-09-28T14:53:59Z,rating 4.6 / 47 reviews; GBP categories: Electrical installation service
Rapid Neighborhood Electricians,DFW,Electrical,Arlington,TX,,(817) 383-1847,,,,5-25 (hyp.),no FSM detected publicly,NO WEBSITE on Google profile,71,B,https://www.google.com/maps/place/?q=place_id:ChIJs_vDINd9ToYRhJsWYFXhRq4,2026-09-28T14:54:10Z,rating 4.8 / 72 reviews; GBP categories: Electrician
Fast electric residential and comercial,DFW,Electrical,Garland,TX,,(214) 642-4018,,,,3-10 (hyp.),no FSM detected publicly,NO WEBSITE on Google profile,71,B,https://www.google.com/maps/place/?q=place_id:ChIJsW8K-4anToYRM3tDCH5PVNc,2026-09-28T14:54:41Z,rating 5 / 40 reviews; GBP categories: Electrician
Boycelectric,DFW,Electrical,Carrollton,TX,,(469) 438-8011,,,,3-10 (hyp.),no FSM detected publicly,NO WEBSITE on Google profile,71,B,https://www.google.com/maps/place/?q=place_id:ChIJAQCc-00kTIYRdIIc3nanpIk,2026-09-28T14:54:54Z,rating 4.9 / 47 reviews; GBP categories: Electrician
Top Plumbing Experts Arlington,DFW,Plumbing,Arlington,TX,,(682) 297-6526,,,,5-25 (hyp.),no FSM detected publicly,NO WEBSITE on Google profile,71,B,https://www.google.com/maps/place/?q=place_id:ChIJXwYxFq4MlS8ReacCqgIEOJU,2026-09-28T14:52:29Z,rating 5 / 61 reviews; GBP categories: Plumber
Arlington Precision Plumbing,DFW,Plumbing,Dalworthington Gardens,TX,,(817) 217-6452,,,,3-10 (hyp.),no FSM detected publicly,NO WEBSITE on Google profile,71,B,https://www.google.com/maps/place/?q=place_id:ChIJBxRnZPZ9ToYRyz6eO9H5ZoY,2026-09-28T14:52:32Z,rating 5 / 48 reviews; GBP categories: Plumber
Almark Services,DFW,Plumbing,Carrollton,TX,,(214) 554-6020,,,,3-10 (hyp.),no FSM detected publicly,NO WEBSITE on Google profile,71,B,https://www.google.com/maps/place/?q=place_id:ChIJcwN6ahEnTIYRlJ1Gwisk_1k,2026-09-28T14:53:16Z,rating 4.7 / 56 reviews; GBP categories: Plumber | Appliance repair service | Electrician
Shinnova Solar Kansas City,KC,Electrical,Kansas City,KS,https://shinnovasolar.com/kansas-city/,(913) 339-8641,hello.kc@shinnovasolar.com,,,15-60 (hyp.),no FSM detected publicly; CMS: WordPress,,70,B,https://www.google.com/maps/place/?q=place_id:ChIJJ5oLC8_xwIcRHYyCTcxSg-w,2026-09-28T14:47:07Z,email=published on company website; rating 4.8 / 495 reviews; GBP categories: Electrician | Electrical installation service | Solar energy company | Electric generator shop | Roofing contractor | Solar energy system service | Solar energy equipment supplier
435 Electric,KC,Electrical,Overland Park,KS,http://435electric.com/,(913) 484-0428,eric@435electric.com,,,3-10 (hyp.),no FSM detected publicly,no click-to-call; no schema markup; weak/missing title; no meta description; no online booking/quote CTA,70,B,https://www.google.com/maps/place/?q=place_id:ChIJ8wfx5dMSxycRvHsChcekpxY,2026-09-28T14:47:11Z,email=published on company website; rating 5 / 19 reviews; GBP categories: Electrician | Service establishment
Kornis Electric Supply Inc,KC,Electrical,Lee's Summit,MO,http://www.kornis.com/,(816) 525-4100,contactus@kornis.com,,,3-10 (hyp.),no FSM detected publicly,no HTTPS; no mobile viewport; no click-to-call; no schema markup; no online booking/quote CTA,70,B,https://www.google.com/maps/place/?q=place_id:ChIJX76eMikgwYcRGpZioyVBzAU,2026-09-28T14:47:24Z,email=published on company website; rating 4.9 / 17 reviews; GBP categories: Electrical supply store | Light bulb supplier | Lighting store | Tool store
C&S Electric,KC,Electrical,Blue Springs,MO,https://www.cselectricpros.com/,(816) 832-6037,info@cselectrickc.com,,,5-25 (hyp.),no FSM detected publicly; mkt: Angi/HomeAdvisor; CMS: WordPress,,70,B,https://www.google.com/maps/place/?q=place_id:ChIJwRHEwNQVwYcRU14AlSDwBCc,2026-09-28T14:47:24Z,email=published on company website; rating 4.9 / 182 reviews; GBP categories: Electrician
Bill Fry The Plumbing Guy,KC,Plumbing,Lee's Summit,MO,https://billfrytheplumbingguy.com/,(816) 549-2592,service@billfrytheplumbingguy.com,,,5-25 (hyp.),no FSM detected publicly; GBP booking link; mkt: CallRail/Angi/HomeAdvisor; CMS: Webflow,,70,B,https://www.google.com/maps/place/?q=place_id:ChIJeQ02ZpF-HUARSl_dRcIBeyg,2026-09-28T14:46:18Z,email=published on company website; rating 4.9 / 148 reviews; GBP categories: Plumber | Drainage service | Hot water system supplier
Mac Wilson Plumbing,KC,Plumbing,Grandview,MO,https://www.macwilsonkc.com/,(816) 768-0700,info@macwilsonkc.com,,,5-25 (hyp.),no FSM detected publicly; GBP booking link,,70,B,https://www.google.com/maps/place/?q=place_id:ChIJsySwFRDvwIcRMrOJplnU9KA,2026-09-28T14:46:21Z,email=published on company website; rating 4.9 / 222 reviews; GBP categories: Plumber
Plumb Tek LLC,KC,Plumbing,Independence,MO,http://www.plumbtek-kc.com/,(816) 509-3427,plumbtekllc@gmail.com,,,5-25 (hyp.),no FSM detected publicly; CMS: WordPress/GoDaddy Builder,,70,B,https://www.google.com/maps/place/?q=place_id:ChIJFwPYUMLjwIcRsAHtsWWkH60,2026-09-28T14:46:25Z,email=published on company website; rating 4.9 / 211 reviews; GBP categories: Plumber
KC Water Heaters,KC,Plumbing,Kansas City,KS,http://kcwaterheater.com/,(913) 962-7000,kcwaterheater@gmail.com,,,5-25 (hyp.),no FSM detected publicly; CMS: WordPress,,70,B,https://www.google.com/maps/place/?q=place_id:ChIJtWa9hSWTwIcR4CwUi8TpOYk,2026-09-28T14:46:34Z,email=published on company website; rating 5 / 280 reviews; GBP categories: Plumber
PBJ Plumbing LLC,KC,Plumbing,Blue Springs,MO,http://www.pbjplumbingkc.com/,(816) 551-1581,pbjplumbingkc@gmail.com,,,5-25 (hyp.),no FSM detected publicly; CMS: WordPress,,70,B,https://www.google.com/maps/place/?q=place_id:ChIJKXgbT3_w5CgRpi4seq3GKGw,2026-09-28T14:46:53Z,email=published on company website; rating 5 / 115 reviews; GBP categories: Plumber | Service establishment
Handyman Connection of Johnson County,KC,Plumbing,Overland Park,KS,https://www.handymanconnection.com/johnson-county/,(913) 362-2900,hc3500@handymanconnection.com,,,5-25 (hyp.),no FSM detected publicly; GBP booking link; CMS: WordPress,,70,B,https://www.google.com/maps/place/?q=place_id:ChIJzVX-61PswIcRbnQc_skNSm4,2026-09-28T14:47:13Z,email=published on company website; rating 4.6 / 195 reviews; GBP categories: Electrician | Bathroom remodeler | Carpenter | Deck builder | Handyman/Handywoman/Handyperson | Flooring contractor | Insulation contractor | Kitchen remodeler | Plumber | Tile contractor
True North Restoration of Kansas City,KC,GC,Liberty,MO,https://gotruenorth.com/kansas-city,(816) 283-8383,therrman@gotruenorth.com,,,5-25 (hyp.),no FSM detected publicly; CMS: WordPress,,70,B,https://www.google.com/maps/place/?q=place_id:ChIJGwBAPI5VwIcR3bSb5oO2YZ4,2026-09-28T14:49:22Z,email=published on company website; rating 4.9 / 174 reviews; GBP categories: Water damage restoration service | Building restoration service | Fire damage restoration service | Remodeler | Waste management service
NextGen Remodeling LLC,KC,GC,Roeland Park,KS,https://nextgenkc.com/,(913) 777-4701,,Taylor Foley,Owner (per company website),5-25 (hyp.),no FSM detected publicly; GBP booking link; CMS: WordPress,,70,B,https://www.google.com/maps/place/?q=place_id:ChIJWcL-U17pwIcRFe7OF-kr0FA,2026-09-28T14:49:31Z,contact=named on company website; rating 4.9 / 174 reviews; GBP categories: Remodeler | Bathroom remodeler | Contractor | Kitchen remodeler
Home Pros Painting And Home Repairs,KC,GC,Olathe,KS,https://www.homepros-kc.com/,(913) 725-0414,info@homepros-kc.com,Edwin Serrano,Owner (per company website),5-25 (hyp.),no FSM detected publicly; GBP booking link; mkt: HubSpot; CMS: Duda,"SEO/web vendor footprint: Thryv -> ops-first pitch, NO site edits while vendor active",70,B,https://www.google.com/maps/place/?q=place_id:ChIJpVRlS5OVwIcRxwU2oVlqWa4,2026-09-28T14:49:42Z,contact=named on company website; email=published on company website; rating 4.8 / 334 reviews; GBP categories: Painter | Carpenter | Contractor | Deck builder | Siding contractor
Drywall Doctor of Kansas City,KC,GC,Lenexa,KS,https://www.drywalldoctorkc.com/,(913) 379-2781,,Greg Petropoulos,Owner (per company website),5-25 (hyp.),no FSM detected publicly; GBP booking link,,70,B,https://www.google.com/maps/place/?q=place_id:ChIJ9UBz7z0Q6mcRNaohzNEqGV0,2026-09-28T14:50:09Z,contact=named on company website; rating 4.9 / 155 reviews; GBP categories: Dry wall contractor | Construction company | Contractor | General contractor | Handyman/Handywoman/Handyperson | Painter | Plasterer
Easton Roofing,KC,Roofing,Kansas City,KS,http://eastonroofing.com/,(913) 257-5426,,Joe Speicher,Founder (per company website),5-25 (hyp.),no FSM detected publicly; CMS: Squarespace/Webflow,,70,B,https://www.google.com/maps/place/?q=place_id:ChIJU51ResPuwIcRJjTYu8-VS7w,2026-09-28T14:48:14Z,contact=named on company website; rating 4.8 / 110 reviews; GBP categories: Roofing contractor | Siding contractor
"All Under One Roof, Inc.",KC,GC,Lenexa,KS,https://www.auorkc.com/,(913) 205-5848,bryan@auorkc.com,,,5-25 (hyp.),no FSM detected publicly,,70,B,https://www.google.com/maps/place/?q=place_id:ChIJhyBU43-kwIcRGI05WhLLTl8,2026-09-28T14:50:09Z,email=published on company website; rating 4.7 / 174 reviews; GBP categories: General contractor | Bathroom remodeler | Carport and pergola builder | Custom home builder | Deck builder | Service establishment | Kitchen remodeler | Patio enclosure supplier | Remodeler | Siding contractor | Sunroom contractor
Happy Dad Roofing,KC,Roofing,Kansas City,MO,https://www.happydadroofing.com/,(816) 905-6556,sales@happydadroofing.com,,,5-25 (hyp.),no FSM detected publicly; CMS: WordPress,,70,B,https://www.google.com/maps/place/?q=place_id:ChIJeyRXqrX7wIcRy8J52gIzi6Y,2026-09-28T14:48:14Z,email=published on company website; rating 4.9 / 127 reviews; GBP categories: Roofing contractor | Siding contractor
RoyCo,KC,Roofing,Kansas City,KS,https://roycoroof.com/,(913) 730-7663,info@roycoroof.com,,,5-25 (hyp.),no FSM detected publicly,,70,B,https://www.google.com/maps/place/?q=place_id:ChIJ4bJqTqrrwIcRSzAPqVHatcI,2026-09-28T14:48:17Z,email=published on company website; rating 4.9 / 144 reviews; GBP categories: Roofing contractor | Contractor | Gutter cleaning service | Gutter service
Best Choice Roofing,KC,Roofing,Overland Park,KS,https://bestchoiceroofing.com/overland-park/,(913) 210-4002,yournewroof@bestchoiceroofing.com,,,5-25 (hyp.),no FSM detected publicly; GBP booking link; mkt: CallRail; CMS: WordPress,,70,B,https://www.google.com/maps/place/?q=place_id:ChIJ7Rjlc1vrwIcR--TGbjFmAHo,2026-09-28T14:48:21Z,email=published on company website; rating 4.7 / 103 reviews; GBP categories: Roofing contractor
True Grit Roofing Company,KC,Roofing,Lenexa,KS,https://truegritkc.com/,(913) 313-9594,,Sergio Flores,Owner (per company website),15-60 (hyp.),no FSM detected publicly; GBP booking link; mkt: HubSpot/Angi/HomeAdvisor; CMS: WordPress,,70,B,https://www.google.com/maps/place/?q=place_id:ChIJ2fyDRWzswIcRySulHXcb7Qc,2026-09-28T14:48:21Z,contact=named on company website; rating 5 / 580 reviews; GBP categories: Roofing contractor | Siding contractor
CRI Roofing & Restoration,KC,Roofing,Overland Park,KS,https://www.criroofingrestoration.com/,(913) 787-5454,cri.renovations@gmail.com,,,5-25 (hyp.),no FSM detected publicly; CMS: Duda,,70,B,https://www.google.com/maps/place/?q=place_id:ChIJSVKSQNjrwIcRu_Mu-yZn9qo,2026-09-28T14:48:21Z,email=published on company website; rating 4.9 / 115 reviews; GBP categories: Roofing contractor | Gutter service | Siding contractor
NorthStar Group Contracting,KC,Roofing,Overland Park,KS,https://northstarcontractinggroup.com/,(913) 538-4598,info@northstarroofing.com,Chris Roche,CEO (per company website),5-25 (hyp.),no FSM detected publicly; CMS: WordPress/GoDaddy Builder/Duda,"SEO/web vendor footprint: Hibu -> ops-first pitch, NO site edits while vendor active",70,B,https://www.google.com/maps/place/?q=place_id:ChIJLRd62VeVwIcRolKUSBz3E_k,2026-09-28T14:48:21Z,contact=named on company website; email=published on company website; rating 4.8 / 252 reviews; GBP categories: Roofing contractor | Contractor
Weddle and Sons Roofing of Olathe,KC,Roofing,Olathe,KS,https://www.weddleandsons.com/kansas-city/,(913) 732-8010,info@weddleandsons.com,,,5-25 (hyp.),no FSM detected publicly; GBP booking link,,70,B,https://www.google.com/maps/place/?q=place_id:ChIJTUPtnRa-wIcRe94z6-NMMyw,2026-09-28T14:48:28Z,email=published on company website; rating 4.9 / 128 reviews; GBP categories: Roofing contractor | Gutter service | Solar energy company
Restore Roofing and More,KC,Roofing,Shawnee,KS,http://www.restoreroofingandmore.com/,(913) 229-6652,restoreroofingandmore@gmail.com,,,5-25 (hyp.),no FSM detected publicly; CMS: WordPress/GoDaddy Builder,,70,B,https://www.google.com/maps/place/?q=place_id:ChIJg6qmHY3twIcRVlYJ001ScVA,2026-09-28T14:48:28Z,email=published on company website; rating 4.9 / 194 reviews; GBP categories: Roofing contractor | Commercial printer | Construction company | Gutter cleaning service | Painter | Painting | Remodeler | Repair service | Siding contractor
Hawkins Siding and Exteriors,DFW,GC,Carrollton,TX,https://www.hawkinssidingandexteriors.com/,(972) 810-0018,office@hawkinssidingandexteriors.com,,,5-25 (hyp.),no FSM detected publicly; GBP booking link; mkt: CallRail/Angi/HomeAdvisor; CMS: WordPress,,70,B,https://www.google.com/maps/place/?q=place_id:ChIJP_hXnlYnTIYRS3meGyMUfvM,2026-09-28T14:56:38Z,email=published on company website; rating 4.9 / 190 reviews; GBP categories: Siding contractor
Rangel Construction & Painting,DFW,GC,Fort Worth,TX,https://www.rangelconstructionpainting.com/,(682) 557-0333,,Jesse Rangel,Owner (per company website),5-25 (hyp.),no FSM detected publicly; GBP booking link; mkt: CallRail; CMS: WordPress,,70,B,https://www.google.com/maps/place/?q=place_id:ChIJr_RBPVVvToYRK8i8RzcGe2s,2026-09-28T14:57:22Z,contact=named on company website; rating 4.8 / 246 reviews; GBP categories: Painter | Dry wall contractor | Service establishment | Insulation contractor
NorthStar Commercial Interiors LLC,DFW,GC,Plano,TX,https://www.northstarrm.com/,(972) 813-9190,,Amir Khan,Owner (per company website),5-25 (hyp.),no FSM detected publicly; mkt: CallRail,,70,B,https://www.google.com/maps/place/?q=place_id:ChIJ414_m_I5TIYRUgF-gudLSiI,2026-09-28T14:57:26Z,contact=named on company website; rating 5 / 104 reviews; GBP categories: General contractor | Construction company | Interior construction contractor | Remodeler
Rosales Construction,DFW,GC,Arlington,TX,https://rosalesconstructionincorporated.com/,(817) 992-7546,rosalesconstruction0813@gmail.com,,,5-25 (hyp.),no FSM detected publicly; CMS: WordPress,,70,B,https://www.google.com/maps/place/?q=place_id:ChIJAQBkrKl9ToYRrECUYf4tiEk,2026-09-28T14:57:33Z,email=published on company website; rating 5 / 100 reviews; GBP categories: General contractor | Remodeler
Triple Eagle Electric,DFW,Electrical,Arlington,TX,https://www.tripleeagleelectric.org/,(817) 715-6557,tripleeagle2010@yahoo.com,,,5-25 (hyp.),no FSM detected publicly; GBP booking link,,70,B,https://www.google.com/maps/place/?q=place_id:ChIJUQlzM-hzToYRTA34a56PL5E,2026-09-28T14:54:10Z,email=published on company website; rating 5 / 139 reviews; GBP categories: Electrician
Geno Does It LLC,DFW,GC,Frisco,TX,https://genodoesit.com/,(214) 598-3687,genosinstallation@gmail.com,,,5-25 (hyp.),no FSM detected publicly; GBP booking link; mkt: Angi/HomeAdvisor/Chat widget; CMS: WordPress,,70,B,https://www.google.com/maps/place/?q=place_id:ChIJX1Z8LZQlTIYRN5KGg7ZRfP4,2026-09-28T14:57:42Z,email=published on company website; rating 5 / 246 reviews; GBP categories: Contractor | Audio visual consultant | Bathroom remodeler | Cabinet maker | Service establishment | Flooring contractor | Handyman/Handywoman/Handyperson | Kitchen remodeler | Painting | Tile contractor
W3 Electric Heating & A/C,DFW,Electrical,McKinney,TX,https://www.callw3.com/,(469) 617-6641,,Lea Ochoa,General Manager (per company website),5-25 (hyp.),no FSM detected publicly; CMS: WordPress/GoDaddy Builder,,70,B,https://www.google.com/maps/place/?q=place_id:ChIJ-fJ2_FUTTIYRZDzoIPfEPxM,2026-09-28T14:54:24Z,contact=named on company website; rating 4.9 / 270 reviews; GBP categories: Electrician
Performance Painting,DFW,GC,McKinney,TX,https://www.dallashousepainter.com/,(972) 360-8042,,Will Reid,Owner (per company website),15-60 (hyp.),no FSM detected publicly; GBP booking link; mkt: Podium; CMS: WordPress/GoDaddy Builder,,70,B,https://www.google.com/maps/place/?q=place_id:ChIJs9VMdjtlTIYRDzKy9zcWOrg,2026-09-28T14:57:48Z,contact=named on company website; rating 4.9 / 505 reviews; GBP categories: General contractor | Bathroom remodeler | Carpenter | Dry wall contractor | Fence contractor | Flooring contractor | Painter | Kitchen remodeler | Painting | Remodeler
TLC Electrical,DFW,Electrical,Southlake,TX,https://www.tlcelectrical.com/,(817) 494-0807,service@tlcelectrical.com,,,15-60 (hyp.),no FSM detected publicly; GBP booking link; CMS: WordPress,,70,B,https://www.google.com/maps/place/?q=place_id:ChIJvzcH58TUTYYROwO5TbhbGo0,2026-09-28T14:55:02Z,email=published on company website; rating 4.7 / 944 reviews; GBP categories: Electrician | Electric vehicle charging station | Electrical repair shop | Lighting contractor
Neo Texas Construction,DFW,GC,Garland,TX,https://neotexasconstruction.com/,(214) 718-4387,contact@neotexasconstruction.com,,,5-25 (hyp.),no FSM detected publicly; CMS: WordPress/GoDaddy Builder,,70,B,https://www.google.com/maps/place/?q=place_id:ChIJX4pJqrcfTIYRkAMdgwVWw2g,2026-09-28T14:57:58Z,email=published on company website; rating 4.8 / 146 reviews; GBP categories: General contractor | Bathroom remodeler | Service establishment | Flooring contractor | Kitchen remodeler | Remodeler
5th Generation Electric LLC,DFW,Electrical,Mesquite,TX,http://www.5thgenelectric.com/,(214) 728-1977,,Eddie Nichols,Owner (per company website),5-25 (hyp.),no FSM detected publicly; CMS: WordPress,,70,B,https://www.google.com/maps/place/?q=place_id:ChIJoba71iqkToYR1iA-lPlrcVc,2026-09-28T14:55:08Z,contact=named on company website; rating 4.9 / 234 reviews; GBP categories: Electrician | Electrical installation service
Wreedone,DFW,GC,Denton,TX,https://getwreedone.com/,(940) 373-7763,,Wil Reed,Founder (per company website),5-25 (hyp.),no FSM detected publicly; GBP booking link; CMS: WordPress,,70,B,https://www.google.com/maps/place/?q=place_id:ChIJK8Atqt3LTYYRwnUvLLSBdP4,2026-09-28T14:58:08Z,contact=named on company website; rating 4.9 / 281 reviews; GBP categories: Kitchen remodeler | Bathroom remodeler | Service establishment | Interior designer
Casa View Plumbing,DFW,Plumbing,Dallas,TX,https://casaviewplumbing.com/,(972) 279-3691,info@casaviewplumbing.com,,,5-25 (hyp.),no FSM detected publicly; CMS: Squarespace,,70,B,https://www.google.com/maps/place/?q=place_id:ChIJRXg4kTKhToYRrEoITIu1dQk,2026-09-28T14:52:09Z,email=published on company website; rating 4.8 / 114 reviews; GBP categories: Plumber
TruBlue of Allen,DFW,GC,Carrollton,TX,https://www.trublueally.com/allen/trublue-of-allen,(469) 424-0018,,Daniel Lecuona,Owner (per company website),15-60 (hyp.),no FSM detected publicly; GBP booking link,,70,B,https://www.google.com/maps/place/?q=place_id:ChIJHSjX1RUjTIYRt3tDCbLdI7s,2026-09-28T14:58:15Z,contact=named on company website; rating 4.9 / 400 reviews; GBP categories: Bathroom remodeler | General contractor | Kitchen remodeler
AAA AUGER Plumbing Services,DFW,Plumbing,Irving,TX,https://www.aaa-auger.com/,(972) 222-2843,,David Cross,President (per company website),5-25 (hyp.),no FSM detected publicly; CMS: WordPress,,70,B,https://www.google.com/maps/place/?q=place_id:ChIJpwBqtcecToYR5k93Lb__Kno,2026-09-28T14:52:09Z,contact=named on company website; rating 4.8 / 227 reviews; GBP categories: Plumber
Concrete Mesquite TX,DFW,GC,Mesquite,TX,http://concretemesquitetx.com/,(469) 200-2494,concretemesquitetx87@gmail.com,,,5-25 (hyp.),no FSM detected publicly; CMS: WordPress/Weebly,,70,B,https://www.google.com/maps/place/?q=place_id:ChIJDVLVyz2rZA0R8LSAnnTr-0I,2026-09-28T14:58:27Z,email=published on company website; rating 5 / 342 reviews; GBP categories: Concrete contractor
Apex Supply Company,DFW,Plumbing,Dallas,TX,https://apexsupplyco.com/pages/location/dallas-design-district,(214) 741-5463,jmoreno@apexsupplyco.com,,,5-25 (hyp.),no FSM detected publicly; CMS: Shopify,,70,B,https://www.google.com/maps/place/?q=place_id:ChIJfXzP_kuZToYRejiX7qAGDxQ,2026-09-28T14:52:09Z,email=published on company website; rating 4.5 / 249 reviews; GBP categories: Plumbing supply store | Bathroom supply store | Kitchen supply store
Jafar Handyman LLC,DFW,GC,Richardson,TX,https://jafarhandymandfw.com/,(469) 233-3403,pdzhafar@gmail.com,,,5-25 (hyp.),no FSM detected publicly,,70,B,https://www.google.com/maps/place/?q=place_id:ChIJLWZZkHPDGYIRJbJVQfgANLk,2026-09-28T14:58:37Z,email=published on company website; rating 5 / 131 reviews; GBP categories: Handyman/Handywoman/Handyperson | Construction company
Service Squad Plumbing,DFW,Plumbing,Fort Worth,TX,https://servicesquad.com/locations/fort-worth-tx-plumbing/,(817) 435-2577,info@servicesquad.com,,,5-25 (hyp.),no FSM detected publicly; GBP booking link; CMS: WordPress,,70,B,https://www.google.com/maps/place/?q=place_id:ChIJZ7xWzTENToYRRhSAZ-fuuz0,2026-09-28T14:52:13Z,email=published on company website; rating 4.9 / 341 reviews; GBP categories: Plumber | Water softening equipment supplier
Rasor Custom Homes,DFW,GC,Mansfield,TX,http://www.rasorcustomhomes.com/,(214) 794-3907,rasorcustomhomes@gmail.com,,,5-25 (hyp.),no FSM detected publicly; CMS: WordPress,,70,B,https://www.google.com/maps/place/?q=place_id:ChIJX1cfwKFhToYRf08nL8AOBYs,2026-09-28T14:58:45Z,email=published on company website; rating 5 / 234 reviews; GBP categories: Custom home builder
Rockwater Plumbing of Fort Worth,DFW,Plumbing,Fort Worth,TX,https://www.callrockwaterplumbing.com/,(817) 646-0254,rockwaterplumbing@gmail.com,,,5-25 (hyp.),no FSM detected publicly; CMS: Webflow,,70,B,https://www.google.com/maps/place/?q=place_id:ChIJdVNds0lzToYRGAH_r8hNj7M,2026-09-28T14:52:13Z,email=published on company website; rating 5 / 133 reviews; GBP categories: Plumber | Bathroom remodeler | Drainage service | Water filter supplier | Water testing service
Keller Remodeling & Flooring,DFW,GC,Mansfield,TX,http://www.kellerremodelingandflooring.com/,(817) 714-0480,pj@kellerremodelingandflooring.com,,,5-25 (hyp.),no FSM detected publicly; CMS: WordPress,,70,B,https://www.google.com/maps/place/?q=place_id:ChIJs2OSpvFhToYRxXEa3E7FxdE,2026-09-28T14:58:45Z,email=published on company website; rating 4.8 / 296 reviews; GBP categories: Remodeler | Bathroom remodeler | Flooring contractor | Granite supplier | Kitchen remodeler | Painting | Wood and laminate flooring supplier
Apex Supply Company,DFW,Plumbing,Fort Worth,TX,https://apexsupplyco.com/pages/location/fort-worth-cultural-district,(817) 732-8183,bbrodner@apexsupplyco.com,,,5-25 (hyp.),no FSM detected publicly; CMS: Shopify,,70,B,https://www.google.com/maps/place/?q=place_id:ChIJMStcYshzToYRYEB-J_6nF3I,2026-09-28T14:52:16Z,email=published on company website; rating 4.6 / 213 reviews; GBP categories: Plumbing supply store | Bathroom supply store | Kitchen supply store
FPP Plumbing,DFW,Plumbing,Plano,TX,https://fppplumbing.com/plumber-plano-tx/,(980) 899-7997,request@fppplumbing.com,,,5-25 (hyp.),no FSM detected publicly; CMS: WordPress,,70,B,https://www.google.com/maps/place/?q=place_id:ChIJpywSf9Zd_qIRkzqvvYRhxsw,2026-09-28T14:52:21Z,email=published on company website; rating 5 / 157 reviews; GBP categories: Plumber | Drainage service
"Ernie's Plumbing Service, Inc.",DFW,Plumbing,Arlington,TX,https://www.erniesplumbing.com/,(888) 802-0005,service@erniesplumbing.com,,,5-25 (hyp.),no FSM detected publicly; GBP booking link; mkt: CallRail,,70,B,https://www.google.com/maps/place/?q=place_id:ChIJ_____28mTIYRzOp4tys-Ok4,2026-09-28T14:52:29Z,email=published on company website; rating 4.7 / 280 reviews; GBP categories: Plumber
Trident Plumbing,DFW,Plumbing,Frisco,TX,https://trident-plumbing.com/,(972) 900-6660,,Leanne Zukowski,Owner (per company website),5-25 (hyp.),no FSM detected publicly; GBP booking link; CMS: WordPress,,70,B,https://www.google.com/maps/place/?q=place_id:ChIJ-fKxAYg5TIYRl_FeOa9XowU,2026-09-28T14:52:37Z,contact=named on company website; rating 4.9 / 217 reviews; GBP categories: Plumber | Drainage service | Gas installation service | Gasfitter | Hot water system supplier | Pipe supplier | Water filter supplier | Water softening equipment supplier | Water testing service
Speake's Plumbing,DFW,Plumbing,Garland,TX,http://www.speakesplumbing.com/,(972) 271-9144,spi87@icloud.com,Grant Speake,Founder (per company website),15-60 (hyp.),no FSM detected publicly; CMS: Duda,"SEO/web vendor footprint: Thryv -> ops-first pitch, NO site edits while vendor active",70,B,https://www.google.com/maps/place/?q=place_id:ChIJCQ3IpJYdTIYRZ9NDoqM3EPE,2026-09-28T14:52:58Z,contact=named on company website; email=published on company website; rating 4.9 / 848 reviews; GBP categories: Plumber | Septic system service
Wasden Plumbing Services,DFW,Plumbing,Rowlett,TX,https://wasdenplumbing.com/,(214) 364-6664,info@wasdenplumbing.com,,,15-60 (hyp.),no FSM detected publicly; mkt: CallRail/Angi/HomeAdvisor; CMS: WordPress,,70,B,https://www.google.com/maps/place/?q=place_id:ChIJEZM-wXD_S4YR6uNkKTCgPHs,2026-09-28T14:53:00Z,email=published on company website; rating 4.9 / 579 reviews; GBP categories: Plumber | Drainage service
Renegade Plumbing,DFW,Plumbing,Denton,TX,https://www.renegadeplumber.com/,(817) 980-6659,service@renegadeplumber.com,,,5-25 (hyp.),no FSM detected publicly; CMS: WordPress,,70,B,https://www.google.com/maps/place/?q=place_id:ChIJa9ppAyJSACwRqQgs3mko5vE,2026-09-28T14:53:05Z,email=published on company website; rating 5 / 321 reviews; GBP categories: Plumber | Service establishment
ASAP Water Heaters LLC,DFW,Plumbing,Denton,TX,http://asapwaterheatersllc.com/,(855) 209-7862,info_tx@asapwaterheaters.net,,,5-25 (hyp.),no FSM detected publicly; GBP booking link,,70,B,https://www.google.com/maps/place/?q=place_id:ChIJrZnnYw-CeosRucE7jubflGw,2026-09-28T14:53:08Z,email=published on company website; rating 5 / 198 reviews; GBP categories: Plumber
Rockwater Plumbing of Southlake,DFW,Plumbing,Southlake,TX,https://rockwater.plumbing/service-areas/southlake/,(817) 635-2265,rockwaterplumbing@gmail.com,,,5-25 (hyp.),no FSM detected publicly; GBP booking link; CMS: Webflow,,70,B,https://www.google.com/maps/place/?q=place_id:ChIJu--zCDDVTYYRfR5_0or6Veg,2026-09-28T14:53:23Z,email=published on company website; rating 5 / 105 reviews; GBP categories: Plumber | Bathroom remodeler | Drainage service | Water softening equipment supplier
Reliable Plumbing Contractors,DFW,Plumbing,Mesquite,TX,http://reliableplumbingtx.com/home.html,(972) 285-0939,service@reliableplumbingtx.com,,,3-10 (hyp.),no FSM detected publicly,no HTTPS; no click-to-call; no schema markup; weak/missing title; stale footer ©2017; no online booking/quote CTA,70,B,https://www.google.com/maps/place/?q=place_id:ChIJ4Xq4m8ylToYRry2jIcsBod4,2026-09-28T14:53:28Z,email=published on company website; rating 4 / 24 reviews; GBP categories: Plumber
Spartan Plumbing and Drain,DFW,Plumbing,Mansfield,TX,https://www.spartanplumbinganddrain.com/,(817) 637-9798,joe@spartanplumbinganddrain.com,,,5-25 (hyp.),no FSM detected publicly; GBP booking link; CMS: Squarespace,,70,B,https://www.google.com/maps/place/?q=place_id:ChIJAeeLI9ErC6QRekPn5Vtw_IA,2026-09-28T14:53:42Z,email=published on company website; rating 5 / 130 reviews; GBP categories: Plumber | Drainage service | Service establishment
Rockwater Plumbing of Arlington,DFW,Plumbing,Arlington,TX,https://www.callrockwaterplumbing.com/service-areas/arlington-tx,(817) 241-0797,rockwaterplumbing@gmail.com,,,15-60 (hyp.),no FSM detected publicly; CMS: Webflow,,70,B,https://www.google.com/maps/place/?q=place_id:ChIJ7yJ1f1lBToYRe4Jx8GghcBo,2026-09-28T14:53:45Z,email=published on company website; rating 4.9 / 603 reviews; GBP categories: Plumber | Bathroom remodeler | Drainage service | Water softening equipment supplier
Handyman Connection of McKinney and Frisco,DFW,Plumbing,McKinney,TX,https://handymanconnection.com/mckinney-frisco/,(972) 439-9694,hc3705@handymanconnection.com,,,5-25 (hyp.),no FSM detected publicly; GBP booking link; mkt: CallRail/Angi/HomeAdvisor; CMS: WordPress,,70,B,https://www.google.com/maps/place/?q=place_id:ChIJWWOoxzcSTIYRQ1HDrPh4IYQ,2026-09-28T14:54:26Z,email=published on company website; rating 4.8 / 221 reviews; GBP categories: Electrician | Bathroom remodeler | Carpenter | Deck builder | Handyman/Handywoman/Handyperson | Flooring contractor | Insulation contractor | Kitchen remodeler | Plumber | Tile contractor
Jeremy Electrical,KC,Electrical,Mission,KS,https://www.jeremykc.com/,(913) 375-0070,,,,5-25 (hyp.),no FSM detected publicly; CMS: WordPress,heavy page,69,B,https://www.google.com/maps/place/?q=place_id:ChIJs3ny50_swIcR_7CVbmIxsbM,2026-09-28T14:47:04Z,rating 4.9 / 100 reviews; GBP categories: Electrician | Electrical installation service | Solar energy company
MotzArc Electric,KC,Electrical,Independence,MO,http://www.motzarc.com/,(816) 534-4791,,,,5-25 (hyp.),no FSM detected publicly,site unreachable (404),69,B,https://www.google.com/maps/place/?q=place_id:ChIJe9M_8VL9wIcRzURYGXPKj9E,2026-09-28T14:47:32Z,rating None / 121 reviews; GBP categories: Electrician | Electrical installation service
"Mr. Plumber, Inc.",KC,Plumbing,Kansas City,KS,http://mrplumberkc.com/,(913) 238-1498,laura@mrplumberkc.com,,,5-25 (hyp.),no FSM detected publicly; CMS: Duda,"no online booking/quote CTA; SEO/web vendor footprint: Hibu -> ops-first pitch, NO site edits while vendor active",69,B,https://www.google.com/maps/place/?q=place_id:ChIJVQacfuvtwIcRtkFD03mNd14,2026-09-28T14:46:01Z,email=published on company website; rating 4.6 / 165 reviews; GBP categories: Plumber
Water Heater Warriors Plumbing,KC,Plumbing,Kansas City,MO,https://waterheaterwarriorsplumbingkc.com/,(785) 224-3565,,,,5-25 (hyp.),no FSM detected publicly,heavy page,69,B,https://www.google.com/maps/place/?q=place_id:ChIJ-Yp0IAQDwYcRbT6a2EmGMIk,2026-09-28T14:46:01Z,rating 5 / 104 reviews; GBP categories: Plumber | Service establishment
L T D Contracting LLC,KC,GC,Independence,MO,https://www.ltdcontractingllc.com/,(816) 489-2230,ltdcontract13@gmail.com,,,3-10 (hyp.),no FSM detected publicly; CMS: Squarespace,no click-to-call; heavy page,69,B,https://www.google.com/maps/place/?q=place_id:ChIJc7lrUxP9wIcRWbU70-uDN7M,2026-09-28T14:49:53Z,email=published on company website; rating 5 / 45 reviews; GBP categories: Contractor
Innova construction,KC,GC,Kansas City,KS,http://www.innovakc.com/,(913) 329-6391,support@innovakc.com,,,5-25 (hyp.),no FSM detected publicly,no click-to-call; no online booking/quote CTA,69,B,https://www.google.com/maps/place/?q=place_id:ChIJJ0UQcd9YmigRLgzuDuFY3mc,2026-09-28T14:50:01Z,email=published on company website; rating 5 / 60 reviews; GBP categories: General contractor | Service establishment
Renovating KC Design + Remodel,KC,GC,Lenexa,KS,http://www.renokc.com/,(913) 481-1236,,,,5-25 (hyp.),no FSM detected publicly; CMS: Squarespace,heavy page,69,B,https://www.google.com/maps/place/?q=place_id:ChIJSVh9brN_r6cRNu_YCCD5OBU,2026-09-28T14:50:06Z,rating 5 / 102 reviews; GBP categories: General contractor | Bathroom remodeler | Interior designer | Kitchen remodeler | Remodeler
ABR Electric,DFW,Electrical,McKinney,TX,https://abrelectric.com/mckinney,(214) 690-1941,,,,5-25 (hyp.),no FSM detected publicly; GBP booking link,no online booking/quote CTA,69,B,https://www.google.com/maps/place/?q=place_id:ChIJ2Xrp13sVTIYRuWjZPf7ufFs,2026-09-28T14:54:16Z,rating 5 / 173 reviews; GBP categories: Electrician | Bathroom remodeler | Contractor | Electrical installation service | Kitchen remodeler | Landscape lighting designer | Lighting consultant | Lighting contractor
Valle Electrical Inc.,DFW,Electrical,Grand Prairie,TX,http://valleelectrical.com/,(972) 514-1579,,,,5-25 (hyp.),no FSM detected publicly; CMS: WordPress,no schema markup,69,B,https://www.google.com/maps/place/?q=place_id:ChIJh39sBXaDToYR1exiYjZ7Gsc,2026-09-28T14:54:31Z,rating 4.8 / 164 reviews; GBP categories: Electrician | Electric vehicle charging station contractor | Electrical installation service | Landscape lighting designer
Freemyer Electric Inc,DFW,Electrical,Richardson,TX,http://www.freemyerelectric.com/,(972) 889-0868,frelectinc@sbcglobal.net,,,5-25 (hyp.),no FSM detected publicly; CMS: WordPress,no schema markup; no meta description,69,B,https://www.google.com/maps/place/?q=place_id:ChIJWTWgeBAfTIYRZZPj81ZS64s,2026-09-28T14:55:16Z,email=published on company website; rating 5 / 77 reviews; GBP categories: Electrician
Fast Electric LLC,DFW,GC,Sanger,TX,https://www.teamfastelectric.com/contact-us/,(940) 306-6364,office@teamfastelectric.com,,,5-25 (hyp.),no FSM detected publicly; CMS: WordPress,no schema markup; no meta description; stale footer ©2022,69,B,https://www.google.com/maps/place/?q=place_id:ChIJAQB0_KewTYYRHf9356d8m6A,2026-09-28T14:54:50Z,email=published on company website; rating 4.2 / 79 reviews; GBP categories: Contractor
Casa Bella Homes,DFW,GC,Dallas,TX,http://www.casabellahomes.com/,(972) 387-2272,info@casabellahomes.com,,,3-10 (hyp.),no FSM detected publicly; CMS: Squarespace,no click-to-call; weak/missing title; no online booking/quote CTA,69,B,https://www.google.com/maps/place/?q=place_id:ChIJkf47ptAjTIYRLhFNPTVKYzs,2026-09-28T14:57:13Z,email=published on company website; rating 4.1 / 53 reviews; GBP categories: Custom home builder
Astrotech Construction,DFW,GC,Fort Worth,TX,http://astrotechconstruction.com/,(682) 208-5490,,,,5-25 (hyp.),no FSM detected publicly; CMS: WordPress,stale footer ©2024,69,B,https://www.google.com/maps/place/?q=place_id:ChIJYxb8isx_ToYR77vlza8YzOY,2026-09-28T14:57:19Z,rating 5 / 271 reviews; GBP categories: Remodeler | Bathroom remodeler | Service establishment | Kitchen remodeler | Painting
Plano Home Remodeling,DFW,GC,Plano,TX,https://www.planohomeremodeling.com/,(972) 398-6525,,,,5-25 (hyp.),no FSM detected publicly,site behind bot-wall (not assessed),69,B,https://www.google.com/maps/place/?q=place_id:ChIJwfyR0asiTIYR7ml6O5lfhqs,2026-09-28T14:57:29Z,rating 3 / 123 reviews; GBP categories: General contractor
Lone Star Remodeling And Construction,DFW,GC,Irving,TX,https://lonestarremodelingdallas.com/,(214) 869-1015,,,,5-25 (hyp.),no FSM detected publicly; GBP booking link; CMS: WordPress,no click-to-call,69,B,https://www.google.com/maps/place/?q=place_id:ChIJI_krMdmDToYRf4nAgi4bnKg,2026-09-28T14:57:51Z,rating 4.9 / 192 reviews; GBP categories: General contractor
LMT construction LLC,DFW,GC,Garland,TX,https://lmtconstructionllc.com/,(469) 412-2493,contact@lmtconstructionllc.com,,,3-10 (hyp.),no FSM detected publicly; CMS: WordPress,no schema markup; no meta description,69,B,https://www.google.com/maps/place/?q=place_id:ChIJrzBlxgYdTIYRQMWnShGnYvE,2026-09-28T14:57:58Z,email=published on company website; rating 5 / 47 reviews; GBP categories: Construction company
ICS Insurance Construction Services,DFW,GC,Carrollton,TX,http://www.icsrecon.com/,(469) 466-2424,info@icsrecon.com,,,3-10 (hyp.),no FSM detected publicly; CMS: WordPress,no schema markup; no meta description,69,B,https://www.google.com/maps/place/?q=place_id:ChIJp0pX7xYhTIYRYVJRHw_YtJA,2026-09-28T14:58:15Z,email=published on company website; rating 4.6 / 56 reviews; GBP categories: Construction company
Pool Tech,DFW,GC,Mesquite,TX,https://www.pooltechpools.com/,(972) 222-7000,poolrepair@sbcglobal.net,,,15-60 (hyp.),no FSM detected publicly; CMS: Duda,"heavy page; SEO/web vendor footprint: Hibu -> ops-first pitch, NO site edits while vendor active",69,B,https://www.google.com/maps/place/?q=place_id:ChIJtYNQNiulToYR__YGSqZ6tVI,2026-09-28T14:58:31Z,email=published on company website; rating 4.9 / 509 reviews; GBP categories: Swimming pool repair service | Swimming pool | Swimming pool contractor
JB & Sons Plumbing,DFW,Plumbing,Irving,TX,https://jbsonsplumbing.com/,(214) 306-1096,brandonjaramillo8703@gmail.com,,,3-10 (hyp.),no FSM detected publicly; GBP booking link,no click-to-call; heavy page,69,B,https://www.google.com/maps/place/?q=place_id:ChIJSeH3uVN5_CQR_0UM5Dx0O_4,2026-09-28T14:52:51Z,email=published on company website; rating 5 / 47 reviews; GBP categories: Plumber | Drainage service | Service establishment | Gas installation service | Water damage restoration service
Icon Plumbing,DFW,Plumbing,Mansfield,TX,https://www.iconplumbingtx.com/,(682) 206-0515,condyh@gmail.com,,,5-25 (hyp.),no FSM detected publicly; CMS: Duda,"no online booking/quote CTA; SEO/web vendor footprint: Hibu -> ops-first pitch, NO site edits while vendor active",69,B,https://www.google.com/maps/place/?q=place_id:ChIJdU-DYEpyMyIR2NX0uEi493s,2026-09-28T14:53:42Z,email=published on company website; rating 4.9 / 101 reviews; GBP categories: Plumber | Water damage restoration service
Buhrle Plumbing,KC,Plumbing,Olathe,KS,,(913) 782-3999,,,,3-10 (hyp.),no FSM detected publicly,NO WEBSITE on Google profile,68,B,https://www.google.com/maps/place/?q=place_id:ChIJidAGjvq9wIcRK8ZQTcNinl8,2026-09-28T14:46:10Z,rating 4.4 / 45 reviews; GBP categories: Plumber | Service establishment
Leaks Free KC Plumbing,KC,Plumbing,Liberty,MO,https://www.leaksfreekcplumbing.com/,(816) 559-1627,info@leaksfreekcplumbing.com,,,5-25 (hyp.),FSM: Housecall Pro,no click-to-call; no schema markup; weak/missing title; no meta description,68,B,https://www.google.com/maps/place/?q=place_id:ChIJC6zKQmmBFKcRHgNhnvhQepc,2026-09-28T14:46:59Z,email=published on company website; rating 5 / 75 reviews; GBP categories: Plumber | Service establishment | Gas installation service | Water softening equipment supplier | Water treatment supplier
"Mid-States Custom Concrete, LLC",KC,GC,Independence,MO,http://midstatescustomconcrete.com/,(816) 389-8180,,,,3-10 (hyp.),no FSM detected publicly,no HTTPS; no mobile viewport; no click-to-call; no schema markup; stale footer ©2012; no online booking/quote CTA,68,B,https://www.google.com/maps/place/?q=place_id:ChIJObcEp4z9wIcRW8-_yGWxTbU,2026-09-28T14:49:55Z,rating 5 / 27 reviews; GBP categories: Concrete contractor
A1-Tex Electric,DFW,Electrical,Mesquite,TX,https://a1texelectric.com/,(469) 491-6563,,,,3-10 (hyp.),no FSM detected publicly; GBP booking link,no mobile viewport; no click-to-call; no schema markup; weak/missing title; no meta description; no online booking/quote CTA,68,B,https://www.google.com/maps/place/?q=place_id:ChIJRSkBenOjFSIRUYtMfFZ9QfE,2026-09-28T14:55:08Z,rating 4.9 / 32 reviews; GBP categories: Electrician | Electrical installation service
KC Dynamic Wiring,KC,Electrical,Overland Park,KS,https://www.kcdynamicwiring.com/,(913) 206-1761,,,,3-10 (hyp.),no FSM detected publicly,site behind bot-wall (not assessed),67,C,https://www.google.com/maps/place/?q=place_id:ChIJX3SVgdLtwIcRN14iTVntaDk,2026-09-28T14:47:13Z,rating 4.9 / 51 reviews; GBP categories: Electrician | Telecommunications contractor | Service establishment
Triple Double Electric,KC,Electrical,Olathe,KS,https://tripledoubleelectric.com/,(913) 223-1312,,,,5-25 (hyp.),no FSM detected publicly,site behind bot-wall (not assessed),67,C,https://www.google.com/maps/place/?q=place_id:ChIJhezYRV2iUo0RkiV42DZprCY,2026-09-28T14:47:20Z,rating 4.9 / 71 reviews; GBP categories: Electrician | Service establishment
Smooth Electric,KC,Electrical,Lee's Summit,MO,https://smoothelectrickc.com/,(816) 589-7156,,,,3-10 (hyp.),no FSM detected publicly,site behind bot-wall (not assessed),67,C,https://www.google.com/maps/place/?q=place_id:ChIJ0b4RlEeIHSoRciA3U-8D7ho,2026-09-28T14:47:24Z,rating 5 / 44 reviews; GBP categories: Electrician | Service establishment
KC Constructors,KC,Electrical,Lee's Summit,MO,https://kcconstructors.com/,(816) 246-2095,,,,3-10 (hyp.),no FSM detected publicly,site unreachable (SSLError),67,C,https://www.google.com/maps/place/?q=place_id:ChIJ14O5cj4gwYcRCNpNOB0Nlso,2026-09-28T14:47:27Z,rating 5 / 48 reviews; GBP categories: Electrician | Construction company | General contractor
3 Phase Electrical,KC,Electrical,Independence,MO,https://3phasekc.com/,(816) 730-4523,,,,3-10 (hyp.),no FSM detected publicly,site behind bot-wall (not assessed),67,C,https://www.google.com/maps/place/?q=place_id:ChIJFYFwCBrBhGARZODoIuuVwkc,2026-09-28T14:47:32Z,rating 4.9 / 48 reviews; GBP categories: Electrician
JR Electric,KC,Electrical,Kansas City,KS,https://www.jrelectricllc.net/,(913) 289-4545,,,,5-25 (hyp.),no FSM detected publicly,site behind bot-wall (not assessed),67,C,https://www.google.com/maps/place/?q=place_id:ChIJCdvOB6TxwIcR4FOVFe02IGU,2026-09-28T14:47:40Z,rating 5 / 98 reviews; GBP categories: Electrician | Lighting contractor | Remodeler
"100 Percent Plumbing Kansas City MO, LLC",KC,Plumbing,Kansas City,MO,https://100kansasmo.com/,(816) 498-1771,,,,5-25 (hyp.),no FSM detected publicly; GBP booking link,site behind bot-wall (not assessed),67,C,https://www.google.com/maps/place/?q=place_id:ChIJBSvqzi2gKKURquEhlRxgw4I,2026-09-28T14:45:59Z,rating 4.7 / 85 reviews; GBP categories: Plumber | Service establishment
Fountain City Plumbing,KC,Plumbing,Kansas City,MO,https://fountaincityplumbing.com/,(816) 338-7054,,,,3-10 (hyp.),no FSM detected publicly,site unreachable (404),67,C,https://www.google.com/maps/place/?q=place_id:ChIJGR0PiXIYH4gRlRG4N7Fy6BQ,2026-09-28T14:46:01Z,rating 5 / 40 reviews; GBP categories: Plumber
Neenan Company - LIBERTY & SHOWROOM,KC,Plumbing,Liberty,MO,https://www.neenanshowroom.com/,(816) 781-6194,,,,3-10 (hyp.),no FSM detected publicly,site unreachable (403),67,C,https://www.google.com/maps/place/?q=place_id:ChIJE5isyzZVwIcR95C9rxzsQg8,2026-09-28T14:46:59Z,rating 4.8 / 45 reviews; GBP categories: Plumbing supply store
Gercken Construction Services,KC,GC,Liberty,MO,https://gerckenconstruction.com/,(816) 781-7491,inquiry@gerckenconstruction.com,,,5-25 (hyp.),no FSM detected publicly; mkt: Chat widget; CMS: WordPress,,67,C,https://www.google.com/maps/place/?q=place_id:ChIJNQsAAZFVwIcRUiqZAU87nnc,2026-09-28T14:48:10Z,email=published on company website; rating 4.2 / 122 reviews; GBP categories: Construction company | General contractor | Kitchen remodeler | Remodeler
Eldon & Sons Gutters,KC,GC,Lee's Summit,MO,https://eldonandsonsgutters.com/,(816) 524-2830,,,,5-25 (hyp.),no FSM detected publicly; GBP booking link,site behind bot-wall (not assessed),67,C,https://www.google.com/maps/place/?q=place_id:ChIJdeODAXDgwIcR4hkRkeXbzR8,2026-09-28T14:48:39Z,rating 4.9 / 82 reviews; GBP categories: Gutter service | Gutter cleaning service | Insulation contractor
CRG Construction,KC,GC,Kansas City,MO,https://crgkc.com/,(816) 931-4503,aaron@crgkc.com,,,5-25 (hyp.),no FSM detected publicly; CMS: WordPress,,67,C,https://www.google.com/maps/place/?q=place_id:ChIJAZZOQzHwwIcRuLqZEgwaSLU,2026-09-28T14:49:24Z,email=published on company website; rating 4.3 / 218 reviews; GBP categories: Construction company
ElectricMan,DFW,Electrical,Dallas,TX,https://www.electricmaninc.com/,(972) 362-1804,,,,3-10 (hyp.),no FSM detected publicly; GBP booking link,site unreachable (403),67,C,https://www.google.com/maps/place/?q=place_id:ChIJiR99boYfTIYRhaOSe5-1-BY,2026-09-28T14:53:50Z,rating 4.8 / 53 reviews; GBP categories: Electrician
"Sparks ""R"" Us Electrical Services",DFW,Electrical,Dallas,TX,http://sparksruselectrical.org/,(214) 730-0463,,,,5-25 (hyp.),no FSM detected publicly; GBP booking link,site unreachable (ConnectionError),67,C,https://www.google.com/maps/place/?q=place_id:ChIJb7-cz8cfTIYRi0VFGrFYpOk,2026-09-28T14:53:53Z,rating 4.7 / 99 reviews; GBP categories: Electrician | Lighting contractor
JSR Electrical Services,DFW,Electrical,Euless,TX,https://jsrelectrical.com/,(817) 527-7703,,,,5-25 (hyp.),no FSM detected publicly,site behind bot-wall (not assessed),67,C,https://www.google.com/maps/place/?q=place_id:ChIJtUxNzzorTIYRFZ0l66X9W-E,2026-09-28T14:53:53Z,rating 4.9 / 79 reviews; GBP categories: Electrician
Fort Worth Electrician Pros,DFW,Electrical,Fort Worth,TX,http://www.fortworth-electrician.net/,(817) 618-2850,,,,3-10 (hyp.),no FSM detected publicly; GBP booking link,site unreachable (429),67,C,https://www.google.com/maps/place/?q=place_id:ChIJ49ue_IhxToYROC6kvKZCkJY,2026-09-28T14:53:59Z,rating 5 / 43 reviews; GBP categories: Electrician | Electrical installation service
Mister Volts Electric,DFW,Electrical,Frisco,TX,http://mistervolts.com/,(214) 455-1526,,,,5-25 (hyp.),no FSM detected publicly,site behind bot-wall (not assessed),67,C,https://www.google.com/maps/place/?q=place_id:ChIJN6nB_pI5TIYR990pWADFXSI,2026-09-28T14:54:16Z,rating 5 / 94 reviews; GBP categories: Electrician
Barzaga Inc Electrical Contractor,DFW,Electrical,Frisco,TX,http://barzagainc.com/,(214) 875-3090,,,,3-10 (hyp.),no FSM detected publicly,site unreachable (ConnectionError),67,C,https://www.google.com/maps/place/?q=place_id:ChIJ5Xygu9o7TIYRCZ3LnJv5iyc,2026-09-28T14:54:16Z,rating 5 / 54 reviews; GBP categories: Electrician | Electrical installation service
That’s Electric,DFW,Electrical,McKinney,TX,https://thatselectric.com/,(469) 224-9312,info@thatselectric.com,Eli Cohen,Founder (per company website),3-10 (hyp.),no FSM detected publicly; CMS: WordPress,no schema markup; weak/missing title; no meta description,67,C,https://www.google.com/maps/place/?q=place_id:ChIJaRSC_YQTTIYR2AcawACW9RY,2026-09-28T14:54:24Z,contact=named on company website; email=published on company website; rating 5 / 25 reviews; GBP categories: Electrician
On Point Electric,DFW,Electrical,Denton,TX,http://onpointelectrictx.com/,(214) 284-9700,,,,3-10 (hyp.),no FSM detected publicly,site unreachable (ConnectionError),67,C,https://www.google.com/maps/place/?q=place_id:ChIJoTWr08s3TIYRsNPrWPPfVvc,2026-09-28T14:54:50Z,rating 4.9 / 52 reviews; GBP categories: Electrician | Electrical installation service | Service establishment
Glow Joe Electric,DFW,Electrical,Denton,TX,https://www.glowjoeelectric.com/,(469) 668-9062,,,,3-10 (hyp.),no FSM detected publicly,site behind bot-wall (not assessed),67,C,https://www.google.com/maps/place/?q=place_id:ChIJGQIytYbv7WsRaZh_ZPovB5o,2026-09-28T14:54:50Z,rating 5 / 48 reviews; GBP categories: Electrician | Service establishment
Daniel Electric Co,DFW,Electrical,Southlake,TX,http://www.danielelectric.net/,(817) 481-8606,,,,3-10 (hyp.),no FSM detected publicly,site unreachable (403),67,C,https://www.google.com/maps/place/?q=place_id:ChIJvW-rtZXUTYYRRLft7Jdhrjg,2026-09-28T14:54:57Z,rating 4.9 / 44 reviews; GBP categories: Electrician | Contractor
Welcome Home Roofing & Remodeling,DFW,GC,Grapevine,TX,http://www.wh-loveyourhome.com/,(817) 527-1880,,,,5-25 (hyp.),no FSM detected publicly,site behind bot-wall (not assessed),67,C,https://www.google.com/maps/place/?q=place_id:ChIJmQf-tp8rTIYRCVf3Bxau49I,2026-09-28T14:56:42Z,rating 5 / 72 reviews; GBP categories: General contractor | Bathroom remodeler | Building designer | Custom home builder | Kitchen remodeler | Remodeler
Constant Electric LLC,DFW,Electrical,Richardson,TX,https://constant-electric.com/,(469) 233-8985,,,,3-10 (hyp.),no FSM detected publicly,site unreachable (SSLError),67,C,https://www.google.com/maps/place/?q=place_id:ChIJx1KXsng_ooAROeI177M3EJg,2026-09-28T14:55:16Z,rating 5 / 47 reviews; GBP categories: Electrical installation service
Silverado Construction Services,DFW,GC,Fort Worth,TX,http://www.silveradoconstruct.com/,(817) 992-1104,,,,3-10 (hyp.),no FSM detected publicly,no mobile viewport; no click-to-call; no meta description,67,C,https://www.google.com/maps/place/?q=place_id:ChIJd1VOlZNzToYRIFpAcoVzLOU,2026-09-28T14:57:19Z,rating 5 / 43 reviews; GBP categories: General contractor | Bathroom remodeler | Kitchen remodeler | Remodeler
Charge Electric LLC,DFW,Electrical,Mansfield,TX,https://www.chargeelectricllc.com/,(469) 953-4830,,,,5-25 (hyp.),no FSM detected publicly,site behind bot-wall (not assessed),67,C,https://www.google.com/maps/place/?q=place_id:ChIJ2ct5ckOO3m4ReQGL2M1ofso,2026-09-28T14:55:26Z,rating 5 / 64 reviews; GBP categories: Electrician | Service establishment
"Ruth & Randall, LLC",DFW,GC,Fort Worth,TX,https://www.ruthandrandall.com/,(254) 317-9278,,,,5-25 (hyp.),no FSM detected publicly,site behind bot-wall (not assessed),67,C,https://www.google.com/maps/place/?q=place_id:ChIJSUDY1DaIkaER2FeVbUyE2D8,2026-09-28T14:57:22Z,rating 4.7 / 68 reviews; GBP categories: Construction company | General contractor | Home builder | Real estate developer
Visionary Construction Group,DFW,GC,Plano,TX,https://viscong.com/,(469) 825-4000,info@viscong.com,James Levreau,CEO (per company website),5-25 (hyp.),FSM: Buildertrend; GBP booking link; CMS: WordPress,,67,C,https://www.google.com/maps/place/?q=place_id:ChIJLaHyfMoXTIYRph6AtOSS_9w,2026-09-28T14:57:26Z,contact=named on company website; email=published on company website; rating 5 / 286 reviews; GBP categories: General contractor | Construction company | Contractor | Flooring contractor
Star Home Remodeling,DFW,GC,Plano,TX,https://starhomeremodeling.com/,(972) 618-2906,,,,5-25 (hyp.),no FSM detected publicly,site unreachable (SSLError),67,C,https://www.google.com/maps/place/?q=place_id:ChIJ5YHvj6oiTIYRqOL4G3pxucs,2026-09-28T14:57:29Z,rating 4.7 / 63 reviews; GBP categories: Kitchen remodeler | Bathroom remodeler | General contractor | Remodeler
Zion Home & Building LLC,DFW,GC,Frisco,TX,http://buildwithzion.com/,(945) 321-8937,,,,3-10 (hyp.),no FSM detected publicly,site behind bot-wall (not assessed),67,C,https://www.google.com/maps/place/?q=place_id:ChIJm8CUo7w5TIYRVf23DhqGQHA,2026-09-28T14:57:39Z,rating 5 / 52 reviews; GBP categories: General contractor | Bathroom remodeler | Kitchen remodeler | Remodeler
One Stop Home Remodeling,KC,Electrical,Shawnee,KS,https://www.onestophomeremodeling.com/,(913) 244-3605,info@onestopr.com,,,3-10 (hyp.),no FSM detected publicly; GBP booking link; CMS: GoDaddy Builder,no schema markup,66,C,https://www.google.com/maps/place/?q=place_id:ChIJCZ67-Yn4hwUR-nIc5TNN-24,2026-09-28T14:47:55Z,email=published on company website; rating 5 / 51 reviews; GBP categories: Electrician | Bathroom remodeler | General contractor | Handyman/Handywoman/Handyperson | Interior designer | Kitchen remodeler | Remodeler
Guardian Plumbing & Home,KC,Plumbing,Kansas City,MO,https://www.guardianplumbing-kc.com/,(816) 490-1713,guardianplumbingandhome@gmail.com,,,5-25 (hyp.),FSM: Housecall Pro,no click-to-call,66,C,https://www.google.com/maps/place/?q=place_id:ChIJmQxQaYT3wIcRbM98bWLMpMg,2026-09-28T14:46:01Z,email=published on company website; rating 5 / 214 reviews; GBP categories: Plumber
"Heartland Plumbing, Inc.",KC,Plumbing,Gardner,KS,http://www.heartlandplumbing.com/,(913) 856-5846,info@heartlandplumbing.com,,,3-10 (hyp.),no FSM detected publicly; CMS: WordPress,no click-to-call,66,C,https://www.google.com/maps/place/?q=place_id:ChIJ4c7VO6ekwIcR7Isxtkx2iYc,2026-09-28T14:46:12Z,email=published on company website; rating 4.7 / 57 reviews; GBP categories: Plumber
KC Plumbing LLC,KC,Plumbing,Olathe,KS,https://www.kcplumbing.us/,(816) 663-4479,info@kcplumbing.us,,,5-25 (hyp.),FSM: Jobber; mkt: HubSpot; CMS: WordPress,no click-to-call,66,C,https://www.google.com/maps/place/?q=place_id:ChIJy9eJanEU1C4R94r_vVz7LjM,2026-09-28T14:46:12Z,email=published on company website; rating 4.9 / 128 reviews; GBP categories: Plumber | Service establishment
"Duopro Plumbing, LLC",KC,Plumbing,Independence,MO,https://duoproplumbingkc.com/,(816) 650-8089,brandon.payne@duoproplumbingkc.com,,,5-25 (hyp.),no FSM detected publicly; CMS: WordPress,no meta description,66,C,https://www.google.com/maps/place/?q=place_id:ChIJrf5XVwAPwYcRpfspTxDyUck,2026-09-28T14:46:25Z,email=published on company website; rating 4.8 / 72 reviews; GBP categories: Plumber | Property maintenance
Ace's Drain Cleaning Plus,KC,Plumbing,Independence,MO,http://acesdraincleaningplusllc.com/,(816) 210-3475,20acesdraincleaningplusllc@gmail.com,,,3-10 (hyp.),no FSM detected publicly; CMS: WordPress,no meta description,66,C,https://www.google.com/maps/place/?q=place_id:ChIJhznR0pb9wIcRkaYN15vnqR4,2026-09-28T14:46:25Z,email=published on company website; rating 4.9 / 46 reviews; GBP categories: Plumber
Dynamic Electrical Solutions | Residential & Commercial Electricians,DFW,Electrical,Addison,TX,https://dynaelec.com/,(469) 583-8632,edurant@dynaelec.com,,,3-10 (hyp.),no FSM detected publicly; CMS: WordPress,no meta description,66,C,https://www.google.com/maps/place/?q=place_id:ChIJsa_yTU4hTIYRIoxhKlOUfkk,2026-09-28T14:54:57Z,email=published on company website; rating 4.9 / 44 reviews; GBP categories: Electrician | Electric vehicle charging station contractor | Electrical installation service | Electrical repair shop | Lighting contractor
"Flex Tech, LLC",DFW,Electrical,Grapevine,TX,https://flextechnow.com/,(972) 623-3539,,John James,CEO (per company website),5-25 (hyp.),no FSM detected publicly; CMS: WordPress,no click-to-call,66,C,https://www.google.com/maps/place/?q=place_id:ChIJLzW8pReHToYRp-Xk8UBf0kc,2026-09-28T14:55:05Z,contact=named on company website; rating 4.5 / 86 reviews; GBP categories: Electrician | Construction company | Employment agency | Recruiter
Fusion Electric,KC,Electrical,Overland Park,KS,https://www.fusionkc.com/,(913) 430-4402,,,,5-25 (hyp.),no FSM detected publicly; GBP booking link; CMS: WordPress,,65,C,https://www.google.com/maps/place/?q=place_id:ChIJYcUMcGXswIcR57xonh4P_2k,2026-09-28T14:47:04Z,rating 4.9 / 234 reviews; GBP categories: Electrician | Electrical installation service | Lighting store
Ryan Electric,KC,Electrical,Lenexa,KS,http://ryanelectric-ks.com/,(913) 406-7700,,,,5-25 (hyp.),no FSM detected publicly; GBP booking link; CMS: WordPress,,65,C,https://www.google.com/maps/place/?q=place_id:ChIJ0UOMr72WwIcR1jO4MCsoRNU,2026-09-28T14:47:04Z,rating 4.9 / 180 reviews; GBP categories: Electrician
Ryan Electric | Overland Park Electricians,KC,Electrical,Overland Park,KS,https://ryanelectric-ks.com/,(913) 406-7700,,,,5-25 (hyp.),no FSM detected publicly; GBP booking link; CMS: WordPress,,65,C,https://www.google.com/maps/place/?q=place_id:ChIJkXHzp7XBwIcRDhqSABD51r8,2026-09-28T14:47:11Z,rating 5 / 185 reviews; GBP categories: Electrician | Service establishment
Landis Electric LLC,KC,Electrical,Olathe,KS,https://landiselectrickc.com/,(913) 238-9899,,,,5-25 (hyp.),no FSM detected publicly; GBP booking link; CMS: WordPress,,65,C,https://www.google.com/maps/place/?q=place_id:ChIJzUVgrQmVwIcRyg0_r_XFUW8,2026-09-28T14:47:18Z,rating 4.9 / 260 reviews; GBP categories: Electrician
Edwards Electric LLC,KC,Electrical,Lee's Summit,MO,https://edwardselectric-mo.com/,(816) 214-7091,,,,15-60 (hyp.),no FSM detected publicly; GBP booking link; mkt: Angi/HomeAdvisor,,65,C,https://www.google.com/maps/place/?q=place_id:ChIJ_6ehSQgDwYcR9A3hI3aLoiU,2026-09-28T14:47:27Z,rating 4.9 / 437 reviews; GBP categories: Electrician | Electrical installation service | Service establishment
"Joe Kilowatt, Inc.",KC,Electrical,Pleasant Valley,MO,http://www.joekilowatt.com/,(816) 792-4888,,,,5-25 (hyp.),no FSM detected publicly; CMS: WordPress,,65,C,https://www.google.com/maps/place/?q=place_id:ChIJlepBYMr4wIcRbU5je-15G8U,2026-09-28T14:47:32Z,rating 4.7 / 194 reviews; GBP categories: Electrician | Auto electrical service | Electrical installation service | Lighting contractor
Blue Springs Auto Service,KC,Electrical,Blue Springs,MO,http://www.autorepairbluesprings.com/,(816) 229-8301,,,,5-25 (hyp.),no FSM detected publicly; mkt: Broadly,,65,C,https://www.google.com/maps/place/?q=place_id:ChIJIYsChusbwYcRXFT4pZYPnjM,2026-09-28T14:48:03Z,rating 4.7 / 296 reviews; GBP categories: Auto electrical service | Auto repair shop | Auto tune up service | Brake shop | Car inspection station | Oil change service | Tire shop | Wheel alignment service
AP Pro Electrical Services,KC,Electrical,Liberty,MO,https://www.approelectric.com/,(816) 694-1057,,,,5-25 (hyp.),no FSM detected publicly; CMS: WordPress,,65,C,https://www.google.com/maps/place/?q=place_id:ChIJl1P2YTkgqYARIdk5oSkxdss,2026-09-28T14:48:10Z,rating 5 / 105 reviews; GBP categories: Electrician | Service establishment
Bright Side Plumbing,KC,Plumbing,Overland Park,KS,https://www.callbrightside.com/go/cite-gbp,(913) 963-1029,,,,5-25 (hyp.),no FSM detected publicly; mkt: Birdeye/Angi/HomeAdvisor; CMS: WordPress,,65,C,https://www.google.com/maps/place/?q=place_id:ChIJN0KmqOPrwIcR10Ql6gc_VrY,2026-09-28T14:46:05Z,rating 4.9 / 275 reviews; GBP categories: Plumber | Drainage service
Deer Creek Plumbing Inc,KC,Plumbing,Olathe,KS,https://www.deercreekplumbing.com/,(913) 440-9102,deercreekplumbinginc@gmail.com,,,5-25 (hyp.),no FSM detected publicly; CMS: Duda,"SEO/web vendor footprint: Hibu -> ops-first pitch, NO site edits while vendor active",65,C,https://www.google.com/maps/place/?q=place_id:ChIJ-3hAEgW9wIcRoY8Y0Y9bbWA,2026-09-28T14:46:10Z,email=published on company website; rating 5 / 279 reviews; GBP categories: Plumber
"4G Electrician, LLC - Lake Dallas",DFW,Electrical,Dallas,TX,https://www.4gelectrician.com/,(972) 440-9952,,,,5-25 (hyp.),no FSM detected publicly; GBP booking link; mkt: Birdeye/Angi/HomeAdvisor; CMS: WordPress,,65,C,https://www.google.com/maps/place/?q=place_id:ChIJ2WIcIy0hTIYRLr4dSP6LE_Q,2026-09-28T14:53:50Z,rating 4.8 / 153 reviews; GBP categories: Electrician
"AD'S Team Electric, LLC.",KC,Electrical,Kansas City,MO,https://www.adsteamelectricllc.com/,(816) 226-7019,,,,5-25 (hyp.),no FSM detected publicly; GBP booking link; CMS: Squarespace,no click-to-call; no online booking/quote CTA,64,C,https://www.google.com/maps/place/?q=place_id:ChIJ6RxbdejmwIcRWhv9uoA6AIs,2026-09-28T14:47:04Z,rating 4.9 / 66 reviews; GBP categories: Electrician | Construction company | Contractor
Fisher Auto Elec Repair Specialist,KC,Electrical,Kansas City,MO,http://fisher-repair.edan.io/,(816) 861-5527,,,,5-25 (hyp.),no FSM detected publicly,site unreachable (403),64,C,https://www.google.com/maps/place/?q=place_id:ChIJ_RTactP6wIcRm21KI0odiNU,2026-09-28T14:47:07Z,rating 4.2 / 85 reviews; GBP categories: Auto electrical service
Elliott Electric Supply,KC,Electrical,Lee's Summit,MO,https://www.elliottelectric.com/locations/172/MO/Lee's%20Summit.aspx,(816) 924-7000,helpdesk@elliottelectric.com,Bill Elliott,CEO (per company website),3-10 (hyp.),no FSM detected publicly,no schema markup; no meta description,64,C,https://www.google.com/maps/place/?q=place_id:ChIJ6ZIKn_LvwIcRsBssAEZMkjA,2026-09-28T14:47:24Z,contact=named on company website; email=published on company website; rating 4.6 / 22 reviews; GBP categories: Electrical supply store | Electrical equipment supplier
Electrical Freedom,KC,Electrical,Overland Park,KS,,(913) 490-8000,,,,3-10 (hyp.),FSM: Housecall Pro; GBP booking link,NO WEBSITE on Google profile,63,C,https://www.google.com/maps/place/?q=place_id:ChIJg0r848ftwIcRnFWnd8AP6Ok,2026-09-28T14:47:13Z,rating 4.9 / 56 reviews; GBP categories: Electrician | Service establishment
Pearl Electric LLC,KC,Electrical,Blue Springs,MO,,(816) 446-4469,,,,3-10 (hyp.),FSM: Housecall Pro; GBP booking link,NO WEBSITE on Google profile,63,C,https://www.google.com/maps/place/?q=place_id:ChIJzWJFf5gdwYcRw5rSzn_PItw,2026-09-28T14:48:03Z,rating 5 / 40 reviews; GBP categories: Electrician | Service establishment
TrueVolt Electric,KC,Electrical,Olathe,KS,https://www.truevoltkc.com/,(913) 444-6596,info@truevoltkc.com,,,5-25 (hyp.),no FSM detected publicly; GBP booking link; CMS: Duda,,62,C,https://www.google.com/maps/place/?q=place_id:ChIJCXMJKP-hcS4RwJsnY9SVXgs,2026-09-28T14:47:18Z,email=published on company website; rating 5 / 76 reviews; GBP categories: Electrician | Electrical engineer | Service establishment | Lighting contractor
Bickimer Electric LLC,KC,Electrical,Olathe,KS,https://www.bickimerelectric.com/,(913) 313-6751,,Richard Ong,Owner (per company website),5-25 (hyp.),FSM: Housecall Pro; CMS: WordPress,,62,C,https://www.google.com/maps/place/?q=place_id:ChIJNx-h4CfxwIcR2w7qLe1b9Fo,2026-09-28T14:47:18Z,contact=named on company website; rating 4.8 / 387 reviews; GBP categories: Electrician
"Ridgeline Power Group, LLC",KC,Electrical,Olathe,KS,https://ridgelinekc.com/,(816) 774-1001,,Ryan Russell,President (per company website),3-10 (hyp.),no FSM detected publicly; CMS: WordPress,no click-to-call; no schema markup; no meta description,62,C,https://www.google.com/maps/place/?q=place_id:ChIJIdl0BCyVwIcR0eVsktuqBCg,2026-09-28T14:47:20Z,contact=named on company website; rating 5 / 37 reviews; GBP categories: Electrician
"Galvin Electric Company, Inc",KC,Electrical,Kansas City,MO,https://www.galvineckc.com/,(913) 216-2109,galvineckc@gmail.com,,,5-25 (hyp.),FSM: Housecall Pro; CMS: Duda,,62,C,https://www.google.com/maps/place/?q=place_id:ChIJwykp3hBfwIcRX6nwum0E8m4,2026-09-28T14:47:48Z,email=published on company website; rating 4.8 / 141 reviews; GBP categories: Electrician | Electrical installation service | Solar energy system service
